id,pytorch_oof
0,0.4543493092060089
1,0.1040988489985466
2,0.780411958694458
3,0.3688764274120331
4,0.10584015399217606
5,0.11056090891361237
6,0.8396207094192505
7,0.9250796437263489
8,0.7387404441833496
9,0.7254877090454102
10,0.3045896589756012
11,0.16756734251976013
12,0.7892875075340271
13,0.5689597129821777
14,0.13742733001708984
15,0.028416946530342102
16,0.26714274287223816
17,0.31599006056785583
18,0.667385458946228
19,0.08047851920127869
20,0.4113996624946594
21,0.35195788741111755
22,0.44689759612083435
23,-0.00412924587726593
24,0.7529280185699463
25,0.865490198135376
26,0.19200432300567627
27,0.6597877144813538
28,0.16754251718521118
29,0.18140718340873718
30,0.44853660464286804
31,0.7296614050865173
32,0.39724966883659363
33,0.21398058533668518
34,0.4346165359020233
35,0.07949786633253098
36,0.7550058364868164
37,0.3113047778606415
38,0.6657726168632507
39,0.07651104032993317
40,0.7391324043273926
41,0.7535005807876587
42,0.3448394238948822
43,1.0876624584197998
44,0.5507875680923462
45,0.5233319997787476
46,0.690368115901947
47,0.9879842400550842
48,0.5237679481506348
49,0.19196733832359314
50,0.8759114146232605
51,0.6823134422302246
52,-0.0005068928003311157
53,0.30990248918533325
54,0.6196969747543335
55,0.4712543189525604
56,0.26852378249168396
57,0.2279922068119049
58,0.06803771108388901
59,0.5964969396591187
60,0.9212274551391602
61,0.7570368051528931
62,0.416195273399353
63,0.7531890869140625
64,0.6239414215087891
65,0.08615177869796753
66,0.7894071340560913
67,0.1551719307899475
68,0.9122551083564758
69,0.7203345894813538
70,0.7013915777206421
71,0.7189604640007019
72,0.25082188844680786
73,0.5933034420013428
74,0.8462954759597778
75,0.7227048873901367
76,1.03401517868042
77,0.4399576783180237
78,0.7142003774642944
79,0.8461614847183228
80,0.8517524600028992
81,0.4684950113296509
82,0.9135991930961609
83,0.4719647765159607
84,0.157098650932312
85,0.15496379137039185
86,0.12621861696243286
87,0.16483017802238464
88,0.37035056948661804
89,0.7827733755111694
90,-0.023797657340765
91,0.9356641173362732
92,0.7733692526817322
93,0.3518799841403961
94,0.48078030347824097
95,0.07748910784721375
96,0.5009338855743408
97,0.18852698802947998
98,0.762294590473175
99,-0.021997708827257156
100,0.21014657616615295
101,0.1823660135269165
102,0.008593626320362091
103,0.501157820224762
104,0.2152884304523468
105,0.30595624446868896
106,0.9387224912643433
107,0.04495485872030258
108,0.02799038589000702
109,0.3584713935852051
110,-0.004688091576099396
111,0.6377431154251099
112,0.09393879771232605
113,0.595098614692688
114,0.20776697993278503
115,0.3617151379585266
116,0.7035914659500122
117,0.6027556657791138
118,0.9406839609146118
119,0.0016774162650108337
120,0.8521732091903687
121,0.5526562333106995
122,0.23792484402656555
123,0.8958026766777039
124,0.006051085889339447
125,0.7440828084945679
126,0.8275753259658813
127,0.07103779911994934
128,0.4794028103351593
129,0.5885389447212219
130,0.3711511194705963
131,-0.00581977516412735
132,0.12768813967704773
133,0.7952353954315186
134,0.4730502665042877
135,0.34551194310188293
136,0.25438907742500305
137,0.18011260032653809
138,0.980779230594635
139,0.20985421538352966
140,0.5988054275512695
141,0.3378086984157562
142,0.834240198135376
143,0.9169741868972778
144,0.2208596169948578
145,0.08829701691865921
146,0.6042945981025696
147,0.5316874980926514
148,0.4549410939216614
149,0.889064371585846
150,0.2685784697532654
151,0.2905237376689911
152,0.3028412163257599
153,0.6315515637397766
154,0.055831506848335266
155,0.8632620573043823
156,0.15055227279663086
157,0.3278504014015198
158,0.7976411581039429
159,-0.006263568997383118
160,0.12252919375896454
161,0.875669538974762
162,0.18806451559066772
163,0.41705065965652466
164,0.9557848572731018
165,0.06884787231683731
166,0.4868322014808655
167,0.35504963994026184
168,1.1064239740371704
169,0.48335668444633484
170,0.10651867091655731
171,0.9568040370941162
172,0.7321010231971741
173,0.34570038318634033
174,0.7550969123840332
175,0.9146304130554199
176,0.5865885019302368
177,0.006756879389286041
178,0.2782500684261322
179,0.1766323745250702
180,0.20722943544387817
181,0.12917882204055786
182,0.22630450129508972
183,0.26282721757888794
184,0.6320850849151611
185,0.34607404470443726
186,0.4759395122528076
187,0.7650539875030518
188,0.9508985877037048
189,0.776111364364624
190,0.8919379711151123
191,0.30226844549179077
192,0.5030986070632935
193,0.23726412653923035
194,0.0707859992980957
195,0.35286733508110046
196,0.7998226284980774
197,0.6435256004333496
198,0.6900003552436829
199,0.6181461215019226
200,0.4433997571468353
201,0.7042520642280579
202,0.8146518468856812
203,0.5120840072631836
204,0.10126989334821701
205,0.033880844712257385
206,0.3062126934528351
207,0.18978598713874817
208,0.1747688353061676
209,0.5744360685348511
210,0.15849775075912476
211,0.6928195953369141
212,0.5495409965515137
213,0.6039562225341797
214,0.7601755857467651
215,0.29481711983680725
216,0.39334240555763245
217,0.1604994237422943
218,0.36506789922714233
219,0.18752533197402954
220,0.08724655956029892
221,0.6117343902587891
222,0.04486924409866333
223,0.6756091713905334
224,0.14133602380752563
225,0.8534203171730042
226,0.43654975295066833
227,0.7156170606613159
228,0.08841145038604736
229,0.8902917504310608
230,0.45030808448791504
231,0.017154283821582794
232,0.821305513381958
233,0.47232311964035034
234,0.8096199631690979
235,0.8359793424606323
236,0.1627647876739502
237,0.407929390668869
238,0.16629886627197266
239,0.7010002732276917
240,0.3655818998813629
241,0.7140551805496216
242,0.27177950739860535
243,0.6300510168075562
244,0.26624855399131775
245,0.833687424659729
246,0.309020072221756
247,0.24688932299613953
248,0.9026528596878052
249,0.48908963799476624
250,0.21198931336402893
251,0.795019805431366
252,0.7787685394287109
253,0.7085126638412476
254,0.6621107459068298
255,0.28606554865837097
256,0.48311272263526917
257,0.7460927963256836
258,0.2192302942276001
259,0.2456948459148407
260,0.15112951397895813
261,1.092401146888733
262,1.0165010690689087
263,0.6413960456848145
264,0.18444442749023438
265,0.13514773547649384
266,0.20220723748207092
267,0.15321406722068787
268,0.054845891892910004
269,0.7646787166595459
270,0.31405720114707947
271,0.6859326362609863
272,0.05959681421518326
273,0.2742786407470703
274,0.3081716001033783
275,0.23960840702056885
276,0.9855679869651794
277,0.87040114402771
278,0.5353137850761414
279,0.044044919312000275
280,0.6654937267303467
281,0.36634162068367004
282,0.4026464819908142
283,0.5068590641021729
284,0.8277570009231567
285,0.6445733308792114
286,0.3940437138080597
287,0.2528189420700073
288,0.6939010620117188
289,0.5981300473213196
290,0.02629544585943222
291,0.48860374093055725
292,0.3619462251663208
293,0.8216835260391235
294,1.0198516845703125
295,0.1940138339996338
296,0.7093489766120911
297,0.22714027762413025
298,0.820469319820404
299,0.3527770936489105
300,0.8766563534736633
301,0.2529342770576477
302,-0.007835369557142258
303,0.5417500138282776
304,0.1832362711429596
305,0.7062517404556274
306,0.7898650765419006
307,0.5863677263259888
308,0.5093978643417358
309,0.9218860864639282
310,0.2898689806461334
311,0.22197449207305908
312,0.7288786172866821
313,0.09038150310516357
314,0.0622233971953392
315,0.09323098510503769
316,0.31530794501304626
317,0.6163960099220276
318,0.4620973765850067
319,0.6885704398155212
320,0.2239052951335907
321,0.24560636281967163
322,0.7823746204376221
323,0.7082821130752563
324,1.0484263896942139
325,0.862018346786499
326,0.08231227844953537
327,0.22894993424415588
328,0.795638918876648
329,1.0273239612579346
330,0.1044652983546257
331,0.2428434193134308
332,0.6685498356819153
333,0.8607118725776672
334,0.890423595905304
335,0.491862952709198
336,0.5099897384643555
337,-0.04141721874475479
338,0.535133957862854
339,0.5566281676292419
340,0.033091433346271515
341,0.42731764912605286
342,0.1743822693824768
343,0.185542494058609
344,1.0181171894073486
345,0.745120108127594
346,0.19694629311561584
347,0.4622604548931122
348,0.2246682345867157
349,0.5585626363754272
350,0.06876542419195175
351,-0.07192108780145645
352,0.08959957212209702
353,0.2539199888706207
354,0.4775134027004242
355,0.8731394410133362
356,0.8138362765312195
357,0.43227294087409973
358,0.4246077835559845
359,0.681327760219574
360,0.1440727710723877
361,0.6413904428482056
362,0.4725522994995117
363,0.5301238894462585
364,0.6522261500358582
365,0.0834709107875824
366,0.0906890407204628
367,0.07210318744182587
368,0.8362856507301331
369,0.9492905139923096
370,0.1136377826333046
371,1.0867085456848145
372,0.5748434066772461
373,0.02074504643678665
374,0.5081843733787537
375,0.4253418743610382
376,0.012712322175502777
377,0.43709269165992737
378,0.3468835949897766
379,0.266804963350296
380,0.6280710697174072
381,0.8089009523391724
382,0.06167428940534592
383,0.1562274694442749
384,0.6729035973548889
385,0.4300489127635956
386,0.2729222774505615
387,0.4527738392353058
388,0.8341944217681885
389,0.6549745202064514
390,0.6155060529708862
391,0.2200128436088562
392,0.7738110423088074
393,0.9601022601127625
394,0.33896490931510925
395,0.16061681509017944
396,0.9686550498008728
397,0.4085356295108795
398,0.682794451713562
399,0.7363815903663635
400,0.46378639340400696
401,0.5229949355125427
402,0.5247592329978943
403,0.5809367299079895
404,0.04801002889871597
405,0.73393315076828
406,0.54484623670578
407,0.6915196776390076
408,0.3109380006790161
409,0.41399428248405457
410,0.5755327343940735
411,0.10154441744089127
412,0.6680129766464233
413,0.0162743479013443
414,0.4918833374977112
415,-0.06644835323095322
416,0.20022740960121155
417,0.14754414558410645
418,0.6886077523231506
419,0.5300887227058411
420,0.9115837216377258
421,0.6232004165649414
422,0.11226896196603775
423,0.06211905553936958
424,0.6825012564659119
425,0.9344902038574219
426,0.7782149314880371
427,0.5509092807769775
428,0.25976479053497314
429,0.41925671696662903
430,0.06293783336877823
431,0.4702382981777191
432,0.7115316390991211
433,0.18434572219848633
434,0.5985280871391296
435,0.3121650516986847
436,0.20656126737594604
437,0.356838196516037
438,0.7122325897216797
439,0.5795599222183228
440,-0.0390620157122612
441,0.6410256624221802
442,0.8280259966850281
443,0.1538478136062622
444,0.13297192752361298
445,0.723895788192749
446,0.40817928314208984
447,0.40840399265289307
448,0.21073541045188904
449,0.04030793160200119
450,0.6956474184989929
451,0.8384475111961365
452,0.6891492605209351
453,0.10727743804454803
454,0.08809010684490204
455,0.3611508309841156
456,0.45348060131073
457,0.925373375415802
458,0.5550932288169861
459,0.49761277437210083
460,0.2559870779514313
461,0.1683124303817749
462,0.7108993530273438
463,0.04544934630393982
464,-0.0010081902146339417
465,0.6562116146087646
466,0.7933752536773682
467,0.6730668544769287
468,0.5805712342262268
469,0.9152611494064331
470,0.10278970748186111
471,0.9316413402557373
472,0.40627577900886536
473,0.8961554765701294
474,0.1616414189338684
475,0.9800416231155396
476,1.0776631832122803
477,0.5083104372024536
478,0.2892170250415802
479,0.8528650999069214
480,0.6039921045303345
481,0.08808337152004242
482,0.07908494770526886
483,0.7331604361534119
484,0.1794261634349823
485,0.5624290108680725
486,-0.002062145620584488
487,0.6940553188323975
488,0.6921132802963257
489,0.8503629565238953
490,0.4302237033843994
491,0.5457665324211121
492,0.8288951516151428
493,0.2268403172492981
494,0.5612917542457581
495,0.47179874777793884
496,0.10724929720163345
497,0.5867727398872375
498,0.23762768507003784
499,0.4523092806339264
500,0.2295026183128357
501,0.0820806697010994
502,0.6155751347541809
503,0.846519947052002
504,0.29132840037345886
505,0.12694983184337616
506,0.6060417294502258
507,0.28984662890434265
508,0.5368016958236694
509,0.7629945874214172
510,0.29263296723365784
511,0.21932440996170044
512,0.8529170155525208
513,0.7204270958900452
514,0.06169772148132324
515,0.26598450541496277
516,0.5629781484603882
517,0.6106718182563782
518,0.7128702402114868
519,0.8944840431213379
520,0.9269053339958191
521,0.46494725346565247
522,0.8277438879013062
523,0.1221645250916481
524,0.10890734195709229
525,0.5312320590019226
526,0.5709069967269897
527,0.2615552246570587
528,0.11924830824136734
529,0.06695864349603653
530,0.8644698262214661
531,0.34603795409202576
532,0.9242433905601501
533,0.4058949053287506
534,0.5612991452217102
535,1.1164324283599854
536,0.8819712996482849
537,0.012720614671707153
538,0.3782537877559662
539,0.04285866767168045
540,0.3755186200141907
541,0.4309772551059723
542,0.5552629232406616
543,0.9810760021209717
544,0.22664517164230347
545,0.5607274174690247
546,0.7856539487838745
547,0.1880914568901062
548,0.9349476099014282
549,0.3746490180492401
550,0.09210574626922607
551,0.41204139590263367
552,0.518467903137207
553,0.9598554968833923
554,0.2849421799182892
555,0.18252167105674744
556,0.7724831700325012
557,0.3596133887767792
558,0.3490598499774933
559,0.8322067260742188
560,0.8148442506790161
561,0.7598787546157837
562,0.13789498805999756
563,0.8333110809326172
564,0.2689151167869568
565,0.14993703365325928
566,0.03287059813737869
567,0.47571679949760437
568,0.4076499342918396
569,0.24766981601715088
570,0.784581184387207
571,0.9140128493309021
572,0.6349568963050842
573,0.12982401251792908
574,0.9595120549201965
575,0.4808763265609741
576,0.7472899556159973
577,0.6962443590164185
578,0.5529642105102539
579,0.8204404711723328
580,0.9225488305091858
581,0.6080897450447083
582,0.4875045716762543
583,0.3392023742198944
584,0.2886420786380768
585,0.14368289709091187
586,0.7024585008621216
587,0.8500209450721741
588,0.0256945863366127
589,0.24318715929985046
590,0.810573399066925
591,0.844677209854126
592,0.6093798279762268
593,0.04410746693611145
594,0.7552128434181213
595,0.45994701981544495
596,0.37704694271087646
597,0.14932554960250854
598,0.38341161608695984
599,0.8151602745056152
600,0.6733973026275635
601,0.12571124732494354
602,1.0694698095321655
603,0.8137812614440918
604,0.6035102009773254
605,0.681464433670044
606,0.15661251544952393
607,0.24330848455429077
608,0.38338175415992737
609,0.5552999377250671
610,0.8691864609718323
611,0.740988552570343
612,0.2385413646697998
613,0.1355437934398651
614,0.6024109721183777
615,0.2532466948032379
616,0.12202932685613632
617,0.306158185005188
618,0.31467488408088684
619,0.7284843921661377
620,0.00948026031255722
621,0.5472239851951599
622,0.7533809542655945
623,0.6567432880401611
624,0.13190022110939026
625,0.7667375206947327
626,0.19985926151275635
627,0.6432703733444214
628,0.12428119033575058
629,0.03935889154672623
630,0.05289479345083237
631,0.13875603675842285
632,0.9026583433151245
633,0.08139418065547943
634,0.1948312520980835
635,0.23916107416152954
636,0.9341192841529846
637,0.43639156222343445
638,0.6323263645172119
639,0.3206775486469269
640,1.0927727222442627
641,0.8180289268493652
642,0.6004186868667603
643,0.12706303596496582
644,0.18295413255691528
645,0.33973896503448486
646,0.5241552591323853
647,0.7836011648178101
648,0.7519655227661133
649,0.42179372906684875
650,0.15163066983222961
651,0.8341643810272217
652,0.9501954913139343
653,0.12219276279211044
654,0.6304718255996704
655,0.6206405162811279
656,0.6291013956069946
657,0.3524067997932434
658,0.8138752579689026
659,0.4529731869697571
660,0.4267883002758026
661,0.7287068963050842
662,1.042952537536621
663,0.0702434554696083
664,0.7259671688079834
665,0.3803010880947113
666,0.3398713171482086
667,0.724404513835907
668,0.7548583745956421
669,0.2714972198009491
670,0.41908666491508484
671,0.13675731420516968
672,0.7903327941894531
673,0.5262401103973389
674,0.31616684794425964
675,0.11598683893680573
676,0.6107626557350159
677,0.7188432216644287
678,0.7864083051681519
679,0.8090096712112427
680,0.26685282588005066
681,0.836223840713501
682,0.4879811704158783
683,0.02563142590224743
684,0.26143893599510193
685,0.5500778555870056
686,0.724838376045227
687,0.4415757358074188
688,0.11983300000429153
689,0.2540401816368103
690,0.7092320322990417
691,0.40162360668182373
692,0.1338762640953064
693,0.3540664315223694
694,0.8534325361251831
695,0.920078456401825
696,0.568780779838562
697,0.0872611552476883
698,0.23449444770812988
699,0.08131138235330582
700,0.7308204174041748
701,0.08223386853933334
702,0.678221583366394
703,0.6552952527999878
704,0.41975638270378113
705,0.4573167562484741
706,0.5035858750343323
707,0.3219113349914551
708,0.8622102737426758
709,0.7938694953918457
710,0.04724864661693573
711,0.11118767410516739
712,0.28211259841918945
713,0.6470724940299988
714,0.47905483841896057
715,0.4076385796070099
716,0.6713264584541321
717,0.8684255480766296
718,0.7214488983154297
719,0.47968530654907227
720,0.10105784982442856
721,0.6201685070991516
722,0.19772325456142426
723,0.4747355580329895
724,0.6297640800476074
725,0.748943030834198
726,0.5130258202552795
727,0.8152704834938049
728,0.40608179569244385
729,0.37800025939941406
730,0.045298635959625244
731,0.3115524351596832
732,0.5513702034950256
733,0.7987987995147705
734,0.05179286003112793
735,0.7810238599777222
736,0.44672662019729614
737,0.5997306108474731
738,0.6380429267883301
739,0.12197604030370712
740,1.0394071340560913
741,0.1624930500984192
742,0.9527623057365417
743,0.7497730255126953
744,0.2877562642097473
745,0.013424484059214592
746,0.27696529030799866
747,0.42503130435943604
748,0.9715183973312378
749,0.16960228979587555
750,0.061711929738521576
751,0.08697252720594406
752,0.9128658771514893
753,0.4631945788860321
754,0.1380963921546936
755,0.6054892539978027
756,0.1343764215707779
757,0.681830644607544
758,0.15795189142227173
759,0.733094334602356
760,0.809771716594696
761,0.8421695232391357
762,0.6761592030525208
763,0.480478972196579
764,0.7124832272529602
765,0.8174518942832947
766,0.5588242411613464
767,0.4868123233318329
768,0.7520875334739685
769,0.1335083246231079
770,0.19397059082984924
771,0.7904434204101562
772,0.22999921441078186
773,0.3601715862751007
774,0.5011745691299438
775,0.03818000108003616
776,0.16262632608413696
777,0.5105500817298889
778,0.736756443977356
779,0.3893295228481293
780,0.6753215193748474
781,0.31937161087989807
782,0.009745093062520027
783,0.6677864789962769
784,0.9617913365364075
785,0.21225647628307343
786,0.32865986227989197
787,0.5252804160118103
788,-0.11576663702726364
789,0.44389694929122925
790,0.7036484479904175
791,0.4160459339618683
792,0.04672032594680786
793,0.726132333278656
794,0.5292258262634277
795,0.2172102928161621
796,0.5017050504684448
797,0.21166212856769562
798,0.8475816249847412
799,0.34024277329444885
800,0.003722844645380974
801,0.025037599727511406
802,0.8088546395301819
803,0.7158766388893127
804,0.9288347959518433
805,0.8063445091247559
806,0.8857160210609436
807,0.20029011368751526
808,0.2649562954902649
809,0.23860286176204681
810,0.12480755150318146
811,0.6748346090316772
812,0.5708006024360657
813,0.4075108766555786
814,0.5776541829109192
815,0.6629175543785095
816,0.032488949596881866
817,0.5001993179321289
818,0.5373911261558533
819,0.09115671366453171
820,0.21506738662719727
821,0.7291581630706787
822,0.16859158873558044
823,0.23639725148677826
824,0.8987972736358643
825,0.29878005385398865
826,0.9101459980010986
827,0.02608218975365162
828,0.37872710824012756
829,0.9271918535232544
830,0.7005181908607483
831,0.03218803554773331
832,0.934535562992096
833,0.3485097587108612
834,0.3026160001754761
835,1.0427860021591187
836,0.49845650792121887
837,0.47944045066833496
838,0.518883228302002
839,0.7661921381950378
840,0.74928218126297
841,0.7093982696533203
842,0.628257155418396
843,0.18731755018234253
844,0.309125691652298
845,0.5660678148269653
846,0.0779673233628273
847,0.16281287372112274
848,0.5230927467346191
849,0.8325285911560059
850,0.6984085440635681
851,0.4410337507724762
852,0.7679389715194702
853,0.3833290934562683
854,1.0598005056381226
855,0.7487710118293762
856,0.3745965361595154
857,0.7367391586303711
858,0.045776620507240295
859,0.8227859735488892
860,0.160928875207901
861,0.1287795454263687
862,0.5854625105857849
863,0.303372859954834
864,0.882495105266571
865,0.36271756887435913
866,0.6157066822052002
867,0.7570682764053345
868,0.11239207535982132
869,0.3522655665874481
870,0.6454370617866516
871,0.7034139037132263
872,0.5078272223472595
873,0.6475438475608826
874,0.4674147367477417
875,0.562641978263855
876,0.8462031483650208
877,0.23035302758216858
878,0.3725571930408478
879,0.46017327904701233
880,0.8089976906776428
881,0.06469809263944626
882,0.06880652159452438
883,0.2881760597229004
884,0.2902647852897644
885,0.7773449420928955
886,0.7412755489349365
887,0.4851023554801941
888,0.2387588620185852
889,0.831597626209259
890,0.5094084143638611
891,1.153847336769104
892,0.9999858140945435
893,0.32654139399528503
894,0.4208463430404663
895,-0.006172360852360725
896,0.689694881439209
897,0.4340682327747345
898,0.7620849013328552
899,0.22396494448184967
900,0.1818942427635193
901,0.24501097202301025
902,0.650901198387146
903,0.27632081508636475
904,0.5901431441307068
905,-0.009595921263098717
906,0.637533962726593
907,0.6206473112106323
908,0.8899293541908264
909,0.21957902610301971
910,0.6880438327789307
911,1.041999340057373
912,0.2223059982061386
913,0.12269600480794907
914,0.14536237716674805
915,0.1119859516620636
916,0.7219536900520325
917,0.006991764530539513
918,0.46741729974746704
919,0.2559639513492584
920,0.5125207304954529
921,0.8044480085372925
922,0.4085017442703247
923,0.4165061414241791
924,0.9433225393295288
925,0.07688101381063461
926,0.14994928240776062
927,0.15244626998901367
928,0.018321963027119637
929,0.28671130537986755
930,0.48335549235343933
931,0.21473990380764008
932,0.7564221024513245
933,0.6039916276931763
934,0.6606642007827759
935,0.29323264956474304
936,0.8688880801200867
937,-0.0407237783074379
938,0.6093736886978149
939,0.21127071976661682
940,0.6978142261505127
941,0.6754423975944519
942,0.44878414273262024
943,0.03992171213030815
944,0.9523693323135376
945,0.5737841129302979
946,0.0346289798617363
947,0.5156596302986145
948,0.6414814591407776
949,0.20979294180870056
950,0.7123214602470398
951,0.1387714296579361
952,-0.03222762793302536
953,0.5522387623786926
954,0.057707108557224274
955,0.2516462504863739
956,0.29563555121421814
957,0.22803963720798492
958,0.42465779185295105
959,0.4739025831222534
960,0.1429871767759323
961,0.7005422115325928
962,0.6740504503250122
963,0.5217307209968567
964,0.5815165042877197
965,0.10300599783658981
966,0.903144121170044
967,0.07890927046537399
968,0.629999041557312
969,0.15948767960071564
970,0.7134243845939636
971,0.7450481653213501
972,0.7709249258041382
973,0.6942768096923828
974,0.27257832884788513
975,0.2814866602420807
976,0.21244806051254272
977,0.5446178913116455
978,0.6005582213401794
979,0.5284613966941833
980,-0.07152236253023148
981,0.35361433029174805
982,0.9647417664527893
983,0.7954460382461548
984,0.5130659937858582
985,0.20157894492149353
986,0.6244224905967712
987,0.6396821141242981
988,0.6841105222702026
989,0.5368391275405884
990,0.16521194577217102
991,0.3285272717475891
992,0.5047481656074524
993,0.8712426424026489
994,0.15401016175746918
995,0.8141607046127319
996,0.33961671590805054
997,0.5463878512382507
998,0.40704384446144104
999,0.6411845088005066
1000,0.003400372341275215
1001,0.912992000579834
1002,0.5873613953590393
1003,0.3982439935207367
1004,0.9958289861679077
1005,0.08014355599880219
1006,0.2798629701137543
1007,0.8397517800331116
1008,0.27941077947616577
1009,0.8460173606872559
1010,0.33244815468788147
1011,0.38055405020713806
1012,0.15870536863803864
1013,0.5743889808654785
1014,0.3063725233078003
1015,0.5837721228599548
1016,0.4174089729785919
1017,0.12699533998966217
1018,0.24966931343078613
1019,0.2333252727985382
1020,0.04006960242986679
1021,0.23178589344024658
1022,0.26871442794799805
1023,0.22814427316188812
1024,0.841156542301178
1025,0.19352111220359802
1026,0.05155103653669357
1027,0.7519868612289429
1028,0.1049298420548439
1029,0.3842275142669678
1030,-0.03648810088634491
1031,0.05430129915475845
1032,0.4307601749897003
1033,0.43123337626457214
1034,0.5676906108856201
1035,0.6444976925849915
1036,0.8910192251205444
1037,0.16093699634075165
1038,0.5051268935203552
1039,0.18285532295703888
1040,0.3197533190250397
1041,0.5750182271003723
1042,-0.06796858459711075
1043,0.12342369556427002
1044,0.7019640803337097
1045,0.31393879652023315
1046,0.10205159336328506
1047,0.5629377961158752
1048,0.19378633797168732
1049,0.7619919776916504
1050,0.22290176153182983
1051,0.37593087553977966
1052,0.6888534426689148
1053,0.41570380330085754
1054,0.7035971879959106
1055,0.4805830121040344
1056,0.3993689715862274
1057,0.8339965343475342
1058,0.454613596200943
1059,0.34962132573127747
1060,0.5786795616149902
1061,0.5595681667327881
1062,0.5706299543380737
1063,0.06839599460363388
1064,0.39796921610832214
1065,0.8057259321212769
1066,0.7156220078468323
1067,0.1279510259628296
1068,0.5625143051147461
1069,0.8180115222930908
1070,0.7361803650856018
1071,0.9889281392097473
1072,0.9578145742416382
1073,0.3542881906032562
1074,0.6043792366981506
1075,0.10287539660930634
1076,0.07786690443754196
1077,0.5874385833740234
1078,0.6415854096412659
1079,0.6500421762466431
1080,0.7051731944084167
1081,0.5489767789840698
1082,0.07098639011383057
1083,0.1603563129901886
1084,0.20556658506393433
1085,0.13186237215995789
1086,0.34507402777671814
1087,0.5553838014602661
1088,0.1065918579697609
1089,0.41668346524238586
1090,0.38904502987861633
1091,0.4986177980899811
1092,0.3266450762748718
1093,0.14768719673156738
1094,0.6420111656188965
1095,0.2132922112941742
1096,0.13230487704277039
1097,0.22134125232696533
1098,0.10308840125799179
1099,0.1849699467420578
1100,0.23561379313468933
1101,0.2606169581413269
1102,0.1423666775226593
1103,0.8207688331604004
1104,0.7270222306251526
1105,0.17535968124866486
1106,0.4000139832496643
1107,0.9579142928123474
1108,0.34423893690109253
1109,0.13117492198944092
1110,0.26043128967285156
1111,0.02434590272605419
1112,0.5276967287063599
1113,0.7851365804672241
1114,0.1501092165708542
1115,0.18293917179107666
1116,0.08188430964946747
1117,0.9177563786506653
1118,0.7663155794143677
1119,0.36828920245170593
1120,0.5449051260948181
1121,0.4047543406486511
1122,0.6993340253829956
1123,0.5962958931922913
1124,0.5275121331214905
1125,0.06405599415302277
1126,0.28790512681007385
1127,0.9514883756637573
1128,0.20371519029140472
1129,0.6512404680252075
1130,0.7421408891677856
1131,0.5778851509094238
1132,0.2815193235874176
1133,0.9646976590156555
1134,0.48043397068977356
1135,0.10446920245885849
1136,0.720403790473938
1137,0.39036455750465393
1138,0.37335899472236633
1139,0.7996402978897095
1140,0.7638584971427917
1141,0.7362035512924194
1142,0.6849006414413452
1143,0.5256707668304443
1144,0.6438894271850586
1145,0.6171194911003113
1146,0.40127095580101013
1147,0.42411181330680847
1148,0.6902122497558594
1149,0.10012678802013397
1150,0.43689292669296265
1151,0.5423260927200317
1152,0.6740925312042236
1153,0.1295463740825653
1154,0.4131757915019989
1155,0.9968510866165161
1156,0.7814958691596985
1157,0.9433773756027222
1158,0.7400898933410645
1159,0.2631068825721741
1160,0.5162361264228821
1161,0.04359595477581024
1162,0.6091092228889465
1163,0.7597724795341492
1164,0.4941122829914093
1165,0.4835861921310425
1166,0.4638099670410156
1167,0.13012170791625977
1168,-0.07742204517126083
1169,-0.05148182064294815
1170,0.48423925042152405
1171,0.05621356517076492
1172,0.08573658019304276
1173,0.41124293208122253
1174,0.4019242823123932
1175,0.9197779893875122
1176,0.3921847939491272
1177,0.12467361986637115
1178,0.5769358277320862
1179,0.830191969871521
1180,0.8974894881248474
1181,0.3252285420894623
1182,0.55269455909729
1183,0.2034822404384613
1184,0.005365331657230854
1185,0.2701837122440338
1186,0.18765157461166382
1187,0.6732692122459412
1188,0.23389174044132233
1189,0.28947898745536804
1190,0.6867945194244385
1191,0.04359997808933258
1192,0.26135650277137756
1193,0.5516126155853271
1194,-0.0205604936927557
1195,0.07791972160339355
1196,0.23550763726234436
1197,0.6114689111709595
1198,0.1538807898759842
1199,0.04962000995874405
1200,0.469340056180954
1201,0.46708038449287415
1202,0.3148414194583893
1203,0.8371393084526062
1204,0.4827325940132141
1205,0.48613646626472473
1206,0.042628198862075806
1207,0.39855390787124634
1208,0.3878474831581116
1209,0.14439254999160767
1210,0.5922252535820007
1211,0.7410740852355957
1212,0.573701798915863
1213,0.770972728729248
1214,0.8910815119743347
1215,0.8249099254608154
1216,-0.024534324184060097
1217,0.20518797636032104
1218,0.03934941440820694
1219,0.8452661037445068
1220,0.682104766368866
1221,0.24792033433914185
1222,0.8771898746490479
1223,0.11538901925086975
1224,0.6894983053207397
1225,0.25935178995132446
1226,0.11731524020433426
1227,0.3613300919532776
1228,0.15679174661636353
1229,0.24808214604854584
1230,0.3750612735748291
1231,0.40393567085266113
1232,0.05426424741744995
1233,0.6199973225593567
1234,0.706832230091095
1235,0.7165159583091736
1236,0.28442463278770447
1237,0.6756265163421631
1238,0.6370696425437927
1239,0.6735244989395142
1240,0.43280962109565735
1241,0.2873733341693878
1242,0.19406633079051971
1243,0.6830886602401733
1244,0.8439443111419678
1245,0.10466940701007843
1246,0.437892347574234
1247,0.8100492358207703
1248,0.9999023675918579
1249,0.38755637407302856
1250,0.6933304667472839
1251,0.7390695810317993
1252,0.38279232382774353
1253,0.19660592079162598
1254,0.41743066906929016
1255,0.15225757658481598
1256,0.3308911919593811
1257,0.18347522616386414
1258,0.8190948963165283
1259,0.05556347966194153
1260,0.831200122833252
1261,0.08311273157596588
1262,-0.00958690233528614
1263,0.0461602583527565
1264,0.921620786190033
1265,0.6816535592079163
1266,0.6922675967216492
1267,0.20695559680461884
1268,0.19761396944522858
1269,0.09042590111494064
1270,0.7990683317184448
1271,0.5486177206039429
1272,0.4667139947414398
1273,0.23746030032634735
1274,0.5799130201339722
1275,0.7294239401817322
1276,0.48971042037010193
1277,0.6075667142868042
1278,0.7329587936401367
1279,-0.016106748953461647
1280,0.22548653185367584
1281,1.0055814981460571
1282,0.4486939013004303
1283,-0.0490998700261116
1284,0.5889399647712708
1285,0.1396028697490692
1286,0.6657145023345947
1287,0.46085965633392334
1288,0.10381393879652023
1289,0.7686895728111267
1290,0.9195879101753235
1291,0.6714680194854736
1292,0.7172154188156128
1293,0.4382420778274536
1294,0.32967039942741394
1295,0.7693483829498291
1296,0.25584301352500916
1297,0.09347809851169586
1298,0.08216804265975952
1299,0.13360202312469482
1300,0.6834762692451477
1301,0.16867880523204803
1302,0.27033910155296326
1303,0.5893738865852356
1304,0.4657645523548126
1305,1.191657543182373
1306,0.9644038081169128
1307,0.6503906846046448
1308,0.44659119844436646
1309,0.1674848049879074
1310,0.7430611848831177
1311,0.6816770434379578
1312,0.4829026758670807
1313,0.6276894211769104
1314,0.2934774160385132
1315,0.1605263501405716
1316,1.0766470432281494
1317,0.8983917236328125
1318,0.019405731931328773
1319,0.7755148410797119
1320,0.48621392250061035
1321,0.7334913611412048
1322,0.9727857112884521
1323,0.5568768978118896
1324,0.41671836376190186
1325,0.38806772232055664
1326,1.0583875179290771
1327,0.3343431055545807
1328,0.7853207588195801
1329,0.5093880295753479
1330,0.14204508066177368
1331,0.9020107984542847
1332,0.6929216980934143
1333,0.32982128858566284
1334,0.4722888767719269
1335,0.8491262197494507
1336,0.25208479166030884
1337,0.43595731258392334
1338,0.9810243248939514
1339,0.3420233130455017
1340,0.7858548164367676
1341,1.00371515750885
1342,0.4978233873844147
1343,0.8301180005073547
1344,0.06938035786151886
1345,0.4007294476032257
1346,0.12989544868469238
1347,0.37588515877723694
1348,0.7059493660926819
1349,0.7897529006004333
1350,0.6765483617782593
1351,0.1408577561378479
1352,0.3448199927806854
1353,0.1017371267080307
1354,0.5561836957931519
1355,0.43179234862327576
1356,0.6734257340431213
1357,0.44508489966392517
1358,0.07385553419589996
1359,0.8076629042625427
1360,0.7909532785415649
1361,0.20513801276683807
1362,0.022559668868780136
1363,0.0502031147480011
1364,0.43636831641197205
1365,0.74285489320755
1366,0.6560254096984863
1367,0.355617493391037
1368,0.6691996455192566
1369,0.8074686527252197
1370,0.21149688959121704
1371,0.030113866552710533
1372,0.08455972373485565
1373,0.2462078183889389
1374,0.3721502721309662
1375,0.48600298166275024
1376,0.7954251766204834
1377,0.8406134247779846
1378,0.04824976995587349
1379,0.23008830845355988
1380,0.4407024383544922
1381,0.7922911047935486
1382,0.2639855742454529
1383,0.6294228434562683
1384,0.24463754892349243
1385,0.4269162714481354
1386,0.3263067603111267
1387,0.0731964111328125
1388,1.018361210823059
1389,0.6358848810195923
1390,1.033739447593689
1391,0.648369550704956
1392,0.8439793586730957
1393,0.5792198777198792
1394,0.7715545296669006
1395,0.34337255358695984
1396,0.05008510500192642
1397,0.7167568206787109
1398,0.2951710522174835
1399,0.3226839303970337
1400,0.37687915563583374
1401,0.2075774073600769
1402,0.13896572589874268
1403,0.5044719576835632
1404,0.332202672958374
1405,0.3803069293498993
1406,0.38145944476127625
1407,0.12214118242263794
1408,0.7060667276382446
1409,0.2382732778787613
1410,0.8155816197395325
1411,0.7695477604866028
1412,0.37880250811576843
1413,0.17947342991828918
1414,0.2584313154220581
1415,1.0366369485855103
1416,0.5653834939002991
1417,0.469106525182724
1418,0.38811349868774414
1419,0.310398131608963
1420,0.5004097819328308
1421,0.0024052076041698456
1422,0.12321114540100098
1423,0.12408973276615143
1424,0.8678452372550964
1425,0.2385271042585373
1426,0.15540380775928497
1427,0.7948225140571594
1428,0.056119292974472046
1429,0.3732582926750183
1430,0.32921096682548523
1431,0.9755141139030457
1432,0.8158838152885437
1433,0.8961602449417114
1434,0.7280953526496887
1435,-0.0035218317061662674
1436,0.06107642501592636
1437,0.8512665629386902
1438,0.09826032817363739
1439,0.42383289337158203
1440,0.6067066788673401
1441,0.772681713104248
1442,0.7673346996307373
1443,0.5519610643386841
1444,0.4640407860279083
1445,0.041731029748916626
1446,0.23007546365261078
1447,0.5712712407112122
1448,0.6060118079185486
1449,-0.008016373962163925
1450,0.9768474102020264
1451,0.6659376621246338
1452,0.6904138326644897
1453,0.6344205141067505
1454,0.5476325750350952
1455,0.2544579803943634
1456,0.10078279674053192
1457,0.4502547085285187
1458,0.27524954080581665
1459,0.9207069873809814
1460,0.6332390904426575
1461,0.34220385551452637
1462,0.6652207970619202
1463,0.014127010479569435
1464,0.6426849365234375
1465,0.7490437030792236
1466,0.28885501623153687
1467,0.3257434070110321
1468,0.6494286060333252
1469,0.15830300748348236
1470,0.03270227462053299
1471,0.8049903512001038
1472,0.3511996567249298
1473,0.8687746524810791
1474,0.12225539982318878
1475,0.4212661683559418
1476,0.24487364292144775
1477,0.659868061542511
1478,0.4415144920349121
1479,0.05825888738036156
1480,0.6718360781669617
1481,0.29724493622779846
1482,0.8713363409042358
1483,0.23283177614212036
1484,0.5366941094398499
1485,0.3054710030555725
1486,0.8913142681121826
1487,0.8904098272323608
1488,0.8184197545051575
1489,0.19863052666187286
1490,0.2979087233543396
1491,0.5055386424064636
1492,0.5474132895469666
1493,0.3170812726020813
1494,0.6113237738609314
1495,0.21121014654636383
1496,0.9225135445594788
1497,0.4375685453414917
1498,0.2806622385978699
1499,0.3458496332168579
1500,0.05805347114801407
1501,0.9003725051879883
1502,0.7868840098381042
1503,0.06929077208042145
1504,0.2770700752735138
1505,0.2848004400730133
1506,0.8556221723556519
1507,0.7416276335716248
1508,0.8448812961578369
1509,0.8113698959350586
1510,0.2886495292186737
1511,0.42236003279685974
1512,0.21941640973091125
1513,0.5704219341278076
1514,0.1514054387807846
1515,0.3974764943122864
1516,1.0226702690124512
1517,0.2881928086280823
1518,0.597387433052063
1519,0.7442920804023743
1520,0.6581928730010986
1521,0.09893254935741425
1522,0.37327003479003906
1523,0.4489694833755493
1524,0.11424915492534637
1525,0.12143316864967346
1526,0.4215001165866852
1527,0.5026357769966125
1528,0.7407693266868591
1529,0.11891341209411621
1530,0.5669422745704651
1531,0.49583807587623596
1532,0.7763875722885132
1533,0.776350736618042
1534,0.41222596168518066
1535,0.871946394443512
1536,0.8587086796760559
1537,0.2930486500263214
1538,0.7197560667991638
1539,0.21081499755382538
1540,0.7793245911598206
1541,0.2444506734609604
1542,0.7069934010505676
1543,0.6097157001495361
1544,0.986549973487854
1545,0.5019516944885254
1546,0.3187481164932251
1547,1.0330727100372314
1548,0.10597081482410431
1549,0.592124879360199
1550,0.392853707075119
1551,0.048955563455820084
1552,0.4779295027256012
1553,0.3161959946155548
1554,0.9595064520835876
1555,0.2765749394893646
1556,0.09668728709220886
1557,0.6505165100097656
1558,0.5380872488021851
1559,0.42515137791633606
1560,0.1768791228532791
1561,0.35389915108680725
1562,0.179424449801445
1563,0.04031810164451599
1564,0.5915940999984741
1565,0.5719584226608276
1566,0.7726569175720215
1567,0.4948957562446594
1568,0.46096307039260864
1569,0.09448464214801788
1570,0.38806262612342834
1571,0.7757253646850586
1572,0.25515761971473694
1573,0.044212255626916885
1574,0.7000749111175537
1575,0.18332453072071075
1576,0.7277681827545166
1577,0.16286957263946533
1578,0.28564661741256714
1579,0.6928520798683167
1580,0.07265538722276688
1581,1.0013760328292847
1582,0.32432159781455994
1583,0.6112213730812073
1584,0.7811407446861267
1585,0.5214145183563232
1586,0.4389861524105072
1587,0.32991063594818115
1588,0.8303184509277344
1589,0.5002734065055847
1590,0.3874025344848633
1591,0.9023017883300781
1592,0.29792433977127075
1593,0.8144878149032593
1594,0.9242193102836609
1595,0.6275652647018433
1596,0.4513970613479614
1597,0.6503197550773621
1598,0.1572341024875641
1599,0.1633308082818985
1600,0.6947115659713745
1601,0.8433774709701538
1602,0.12418712675571442
1603,0.737600564956665
1604,0.9517513513565063
1605,0.8766528964042664
1606,0.27551838755607605
1607,0.8319748640060425
1608,0.10281378030776978
1609,0.06256306171417236
1610,0.1553754359483719
1611,0.6200720071792603
1612,0.20317915081977844
1613,0.36229386925697327
1614,0.1652151197195053
1615,0.7770901322364807
1616,0.8884710669517517
1617,0.38255366683006287
1618,0.1600380688905716
1619,0.53978031873703
1620,0.8544008731842041
1621,0.3182907700538635
1622,0.15470054745674133
1623,0.6685038208961487
1624,0.3476753830909729
1625,0.009941117838025093
1626,0.39822474122047424
1627,0.5482852458953857
1628,0.7585200071334839
1629,0.30293768644332886
1630,0.1769086718559265
1631,0.2997504770755768
1632,0.030913228169083595
1633,0.7529650926589966
1634,0.3611990213394165
1635,0.04571787267923355
1636,-0.015457361936569214
1637,0.34013330936431885
1638,0.12954778969287872
1639,0.29391902685165405
1640,0.8881370425224304
1641,0.030690692365169525
1642,0.11412043869495392
1643,0.8458508849143982
1644,0.7665989398956299
1645,0.7791987061500549
1646,0.9211816191673279
1647,0.8401271104812622
1648,0.32332319021224976
1649,0.285946786403656
1650,0.800814151763916
1651,0.20955714583396912
1652,0.4364795982837677
1653,0.8870756030082703
1654,0.18608275055885315
1655,0.39541125297546387
1656,0.6854608654975891
1657,0.13506317138671875
1658,1.0957345962524414
1659,0.6906419396400452
1660,0.44244110584259033
1661,0.7017572522163391
1662,0.7073498964309692
1663,0.6684061288833618
1664,0.2057131975889206
1665,0.5970076322555542
1666,0.8193645477294922
1667,0.4556364119052887
1668,0.5756597518920898
1669,0.5310747623443604
1670,0.6891955733299255
1671,0.3518880307674408
1672,0.3387247622013092
1673,0.4193316698074341
1674,0.9006491899490356
1675,0.17990000545978546
1676,0.8666290044784546
1677,0.2463272660970688
1678,0.0854170173406601
1679,0.6805381774902344
1680,0.8234499096870422
1681,0.27034997940063477
1682,0.7774009108543396
1683,0.21353591978549957
1684,0.8732924461364746
1685,0.37669336795806885
1686,0.10250227153301239
1687,0.7318892478942871
1688,0.4470170736312866
1689,0.1682744324207306
1690,0.6833012700080872
1691,0.7890669703483582
1692,0.10011111199855804
1693,0.830755352973938
1694,0.3096606731414795
1695,0.7338250875473022
1696,0.6295033693313599
1697,0.038606271147727966
1698,0.4272063076496124
1699,0.9224488139152527
1700,0.8576184511184692
1701,0.42337852716445923
1702,1.0951640605926514
1703,0.21317465603351593
1704,0.6405740976333618
1705,0.7654991745948792
1706,0.23576286435127258
1707,0.37522172927856445
1708,0.12726520001888275
1709,0.8051280975341797
1710,0.41393420100212097
1711,0.07569797337055206
1712,0.5634946823120117
1713,1.0517222881317139
1714,0.7555510401725769
1715,0.7356903553009033
1716,0.05065854638814926
1717,0.24076725542545319
1718,0.2530440092086792
1719,0.432734876871109
1720,0.08336867392063141
1721,0.6389687061309814
1722,0.6739988923072815
1723,0.5811711549758911
1724,0.9769948124885559
1725,0.8909659385681152
1726,0.4086550772190094
1727,0.5160703659057617
1728,0.025005728006362915
1729,0.055585213005542755
1730,0.8093071579933167
1731,0.027559733018279076
1732,0.5259291529655457
1733,0.639169454574585
1734,0.314267098903656
1735,0.10899677872657776
1736,0.42405444383621216
1737,0.0668056458234787
1738,0.06103285402059555
1739,0.37495848536491394
1740,0.15141549706459045
1741,0.048908308148384094
1742,0.1923092007637024
1743,0.3885860741138458
1744,0.7887558341026306
1745,0.6868133544921875
1746,0.18068799376487732
1747,0.5271268486976624
1748,0.7635208964347839
1749,0.2714880704879761
1750,0.9237141609191895
1751,0.7147088646888733
1752,0.1888071596622467
1753,0.1956096887588501
1754,0.4779551327228546
1755,0.524863600730896
1756,0.41859257221221924
1757,0.8317186832427979
1758,1.0217381715774536
1759,0.47695058584213257
1760,0.47118499875068665
1761,0.649271547794342
1762,0.4984356462955475
1763,0.6511337757110596
1764,0.38508230447769165
1765,0.8010796904563904
1766,0.6920469403266907
1767,0.7794073224067688
1768,0.35175055265426636
1769,0.46321240067481995
1770,0.23239749670028687
1771,0.38936179876327515
1772,0.5449552536010742
1773,0.06393127143383026
1774,0.15205715596675873
1775,0.20829927921295166
1776,1.0616778135299683
1777,0.5687641501426697
1778,0.7033666372299194
1779,0.47760534286499023
1780,0.8713830709457397
1781,0.8800329566001892
1782,0.8975400328636169
1783,0.2978183925151825
1784,0.547294020652771
1785,0.9599471688270569
1786,0.35502052307128906
1787,0.2648501992225647
1788,0.12727980315685272
1789,0.10804744064807892
1790,0.5210260152816772
1791,0.09368115663528442
1792,0.5796882510185242
1793,0.4889983832836151
1794,0.7915542721748352
1795,0.08353470265865326
1796,0.08753372728824615
1797,0.7314783930778503
1798,0.2037598043680191
1799,0.6459779143333435
1800,0.4105475842952728
1801,0.6982351541519165
1802,0.7468597292900085
1803,0.5873540639877319
1804,0.7987934350967407
1805,1.080485224723816
1806,0.17170947790145874
1807,0.6344067454338074
1808,0.4674128592014313
1809,0.17294131219387054
1810,0.010852494277060032
1811,0.597923755645752
1812,0.7684200406074524
1813,0.30597758293151855
1814,1.0142079591751099
1815,0.66397625207901
1816,0.05367528274655342
1817,0.7980227470397949
1818,0.5757960081100464
1819,0.856229841709137
1820,1.0935468673706055
1821,0.785132884979248
1822,0.7575762271881104
1823,1.0188771486282349
1824,0.558093786239624
1825,1.2885818481445312
1826,0.32874342799186707
1827,0.3445804715156555
1828,1.3521660566329956
1829,0.2711801528930664
1830,0.2945346534252167
1831,0.8547400832176208
1832,0.43014368414878845
1833,0.4946514666080475
1834,1.0504378080368042
1835,1.236550211906433
1836,0.42542073130607605
1837,0.35429468750953674
1838,0.9867271184921265
1839,0.7622128129005432
1840,0.9090332984924316
1841,0.6748026013374329
1842,0.5740242600440979
1843,0.681399405002594
1844,1.154405117034912
1845,0.726540744304657
1846,0.40410736203193665
1847,0.807389497756958
1848,1.0436030626296997
1849,0.9113636016845703
1850,0.8999627828598022
1851,0.7742802500724792
1852,0.8198153972625732
1853,0.8224550485610962
1854,0.8394898176193237
1855,0.7091522216796875
1856,0.9678535461425781
1857,0.5178340077400208
1858,0.5059162378311157
1859,0.7562001943588257
1860,0.4015667736530304
1861,0.4094539284706116
1862,0.6260655522346497
1863,0.6401529908180237
1864,0.7033379077911377
1865,0.5232366323471069
1866,0.5113757848739624
1867,0.8327178955078125
1868,0.9838448762893677
1869,0.5620859265327454
1870,0.3066368103027344
1871,0.9458947777748108
1872,0.22779162228107452
1873,0.2665810286998749
1874,0.8082782030105591
1875,0.5516772866249084
1876,1.1275365352630615
1877,0.40250638127326965
1878,0.7107549905776978
1879,0.7544307112693787
1880,0.6662936210632324
1881,0.2635818421840668
1882,0.11171813309192657
1883,0.560828685760498
1884,0.09214256703853607
1885,0.06189281865954399
1886,0.9135574698448181
1887,0.043798141181468964
1888,0.9405666589736938
1889,0.3307718336582184
1890,0.6183035969734192
1891,0.7216343879699707
1892,0.9538254141807556
1893,0.051020972430706024
1894,0.38273221254348755
1895,0.6100057363510132
1896,0.5279525518417358
1897,0.1308974027633667
1898,0.6986706256866455
1899,0.651097297668457
1900,1.129347801208496
1901,0.2119002640247345
1902,0.22486962378025055
1903,0.18787367641925812
1904,0.13544319570064545
1905,0.5206555724143982
1906,0.06532891094684601
1907,0.19726327061653137
1908,0.5278387665748596
1909,1.1022119522094727
1910,0.6213029026985168
1911,0.8088698983192444
1912,0.14246363937854767
1913,0.2617906928062439
1914,0.4474898874759674
1915,0.5578590035438538
1916,0.05493824928998947
1917,0.08630305528640747
1918,1.0866495370864868
1919,0.4906138777732849
1920,0.03467175364494324
1921,0.7491893768310547
1922,0.5568434596061707
1923,0.8148835897445679
1924,0.08682501316070557
1925,1.0124976634979248
1926,0.7746413350105286
1927,0.11639055609703064
1928,0.855600118637085
1929,0.893574595451355
1930,0.12292523682117462
1931,0.3723379373550415
1932,0.9858474731445312
1933,0.7797603607177734
1934,0.4570785164833069
1935,0.4502366781234741
1936,0.8960064649581909
1937,0.37632331252098083
1938,0.5248327851295471
1939,0.9677255153656006
1940,0.12937363982200623
1941,0.2802359163761139
1942,0.8191968202590942
1943,0.5755676627159119
1944,0.8458710312843323
1945,0.7444266676902771
1946,0.49731186032295227
1947,0.7420652508735657
1948,0.5632485747337341
1949,0.5328581929206848
1950,0.8123548626899719
1951,0.20710477232933044
1952,0.36239272356033325
1953,0.7516931891441345
1954,0.6180654168128967
1955,0.04150988534092903
1956,0.34448936581611633
1957,0.3975134491920471
1958,0.08190684765577316
1959,0.31566321849823
1960,0.36516904830932617
1961,0.42767369747161865
1962,0.1218872219324112
1963,0.44174930453300476
1964,0.9097046256065369
1965,0.042553238570690155
1966,0.8184738159179688
1967,0.38389384746551514
1968,0.2985699772834778
1969,0.7644169330596924
1970,0.2646333873271942
1971,0.6796008944511414
1972,0.01706034503877163
1973,0.36616629362106323
1974,0.43826088309288025
1975,0.6957499980926514
1976,0.7344174385070801
1977,0.6909803152084351
1978,0.7404762506484985
1979,0.13761243224143982
1980,0.954180896282196
1981,0.763681173324585
1982,0.3074299097061157
1983,0.1196582019329071
1984,0.8163578510284424
1985,0.32815492153167725
1986,0.8828772902488708
1987,0.3044925034046173
1988,0.3636781871318817
1989,0.15846076607704163
1990,0.05980575829744339
1991,0.6600379347801208
1992,0.7675244808197021
1993,0.546727180480957
1994,0.014629831537604332
1995,1.0298733711242676
1996,0.2001299262046814
1997,-0.006084030494093895
1998,0.6844881176948547
1999,0.29762548208236694
2000,0.5739207863807678
2001,0.8206304907798767
2002,0.8333634734153748
2003,0.5002950429916382
2004,0.45574861764907837
2005,0.20608949661254883
2006,0.7139918804168701
2007,0.22656552493572235
2008,0.5943713784217834
2009,0.6577373147010803
2010,0.104238361120224
2011,0.48583972454071045
2012,0.37785857915878296
2013,0.332099586725235
2014,0.8609364032745361
2015,0.8295731544494629
2016,0.00678313709795475
2017,0.2708877623081207
2018,0.3143135607242584
2019,0.5745940804481506
2020,0.07598306238651276
2021,0.7795924544334412
2022,1.0930452346801758
2023,0.22947899997234344
2024,0.09448735415935516
2025,0.5347524285316467
2026,0.5770271420478821
2027,0.5279673337936401
2028,0.8598586320877075
2029,0.40929150581359863
2030,0.8350421786308289
2031,0.8174579739570618
2032,0.6319093108177185
2033,0.3527306914329529
2034,0.11572882533073425
2035,0.26382195949554443
2036,0.4748806357383728
2037,0.17510007321834564
2038,0.8531792163848877
2039,0.2190708965063095
2040,0.9628878235816956
2041,0.7146067023277283
2042,0.1840893030166626
2043,0.44038209319114685
2044,0.7288579940795898
2045,0.2728287875652313
2046,0.6035471558570862
2047,0.26600882411003113
2048,0.7490906119346619
2049,0.040866680443286896
2050,0.006877081468701363
2051,0.6738131046295166
2052,0.17092058062553406
2053,0.2416885793209076
2054,0.7173989415168762
2055,0.8028140068054199
2056,0.6790516972541809
2057,0.8026964664459229
2058,0.44511598348617554
2059,0.6431183218955994
2060,0.04421992972493172
2061,0.20556411147117615
2062,0.6553713083267212
2063,0.3035544157028198
2064,0.5793974995613098
2065,0.5890562534332275
2066,0.8282047510147095
2067,0.12122487276792526
2068,0.38917866349220276
2069,0.5715206861495972
2070,0.23791897296905518
2071,0.6952318549156189
2072,0.29221171140670776
2073,0.5019522905349731
2074,0.4214651584625244
2075,0.6190025806427002
2076,-0.015287147834897041
2077,0.7948941588401794
2078,0.8743687272071838
2079,0.3680567145347595
2080,0.20387591421604156
2081,0.1024092584848404
2082,0.814750075340271
2083,0.22387000918388367
2084,0.4334997832775116
2085,0.8093624114990234
2086,0.7117246389389038
2087,0.24268223345279694
2088,0.11604880541563034
2089,0.49122217297554016
2090,0.3994019031524658
2091,0.531451404094696
2092,0.47138509154319763
2093,-0.016138309612870216
2094,0.5969390869140625
2095,0.18531644344329834
2096,0.7494441270828247
2097,0.7388001680374146
2098,0.8478516936302185
2099,0.7883819341659546
2100,0.6639397144317627
2101,0.2879248857498169
2102,0.5177536606788635
2103,0.46942833065986633
2104,0.476118266582489
2105,0.7362440824508667
2106,0.24123385548591614
2107,0.7612983584403992
2108,0.635902464389801
2109,0.46678438782691956
2110,0.2640173137187958
2111,0.0948910340666771
2112,0.7219073176383972
2113,0.7247018218040466
2114,0.1710967719554901
2115,-0.004435120150446892
2116,0.11817242205142975
2117,0.17136669158935547
2118,0.2027978003025055
2119,0.9023609161376953
2120,0.4599997103214264
2121,0.5676928758621216
2122,0.4009968042373657
2123,0.04616503417491913
2124,0.810002863407135
2125,0.35756292939186096
2126,0.313545823097229
2127,0.7132920622825623
2128,0.4055444002151489
2129,0.7111627459526062
2130,0.12610162794589996
2131,0.7929767966270447
2132,0.5198306441307068
2133,0.5397726893424988
2134,0.460196316242218
2135,0.3487253189086914
2136,0.5241751074790955
2137,0.7099687457084656
2138,0.37272635102272034
2139,0.8452258110046387
2140,0.6987411379814148
2141,0.12719836831092834
2142,0.6572512984275818
2143,0.9885877370834351
2144,0.28494390845298767
2145,0.051725469529628754
2146,0.2880522906780243
2147,0.22958484292030334
2148,0.12164974957704544
2149,0.6579853892326355
2150,0.3721352815628052
2151,0.05478614568710327
2152,0.5694669485092163
2153,0.5771136283874512
2154,0.025645935907959938
2155,0.8220077157020569
2156,0.6787006258964539
2157,0.19832313060760498
2158,0.3488304316997528
2159,0.9538715481758118
2160,0.4501011371612549
2161,0.4305787980556488
2162,0.7618398070335388
2163,0.4495031237602234
2164,0.49354249238967896
2165,0.31771427392959595
2166,0.3215213716030121
2167,0.7887648344039917
2168,0.9309976100921631
2169,0.06879872828722
2170,0.7104644775390625
2171,0.7083359956741333
2172,0.3109939992427826
2173,0.4863220155239105
2174,0.47698187828063965
2175,0.8080334067344666
2176,0.09851467609405518
2177,0.6503813862800598
2178,0.7486387491226196
2179,0.24457022547721863
2180,0.13270795345306396
2181,0.48764821887016296
2182,0.04618069529533386
2183,0.2946895956993103
2184,0.5407794117927551
2185,0.02057797834277153
2186,0.6847490072250366
2187,0.5113403797149658
2188,0.5560500621795654
2189,0.09460781514644623
2190,0.15821930766105652
2191,0.7631397843360901
2192,0.22534915804862976
2193,0.055385343730449677
2194,0.49904337525367737
2195,0.6302198767662048
2196,0.30494511127471924
2197,0.8048306703567505
2198,0.3773265480995178
2199,0.35844504833221436
2200,0.700153648853302
2201,0.5880598425865173
2202,0.8759043216705322
2203,0.38661718368530273
2204,0.5466437339782715
2205,0.8111251592636108
2206,0.08384497463703156
2207,0.31284815073013306
2208,0.6750343441963196
2209,0.7089126706123352
2210,0.6439443230628967
2211,0.6080073118209839
2212,0.33812573552131653
2213,0.15303006768226624
2214,0.09084473550319672
2215,0.3093720078468323
2216,0.7599823474884033
2217,0.8319693207740784
2218,0.5262916684150696
2219,0.38195115327835083
2220,0.808268666267395
2221,0.06796125322580338
2222,0.6302269101142883
2223,0.18411938846111298
2224,0.7667758464813232
2225,0.90171879529953
2226,0.32557353377342224
2227,0.33048492670059204
2228,0.7848425507545471
2229,0.5761274099349976
2230,0.14835458993911743
2231,0.05153121054172516
2232,0.80076664686203
2233,0.3763287365436554
2234,0.06731240451335907
2235,0.8248230814933777
2236,0.53312748670578
2237,0.7745985388755798
2238,0.8462492227554321
2239,0.2053239643573761
2240,0.7833819389343262
2241,0.8163433074951172
2242,0.6826481819152832
2243,0.6605369448661804
2244,0.7223995327949524
2245,0.11919472366571426
2246,0.08149811625480652
2247,0.19598257541656494
2248,0.30446210503578186
2249,0.9375821948051453
2250,0.06110667437314987
2251,0.2497277706861496
2252,0.7874712944030762
2253,0.06457704305648804
2254,0.3156977891921997
2255,0.43197762966156006
2256,0.34332358837127686
2257,0.908686101436615
2258,0.5531243085861206
2259,0.7296388745307922
2260,0.8127130270004272
2261,0.6546586155891418
2262,0.3665635585784912
2263,0.4665774703025818
2264,0.6262068152427673
2265,0.2943200469017029
2266,0.240034282207489
2267,0.5750924944877625
2268,0.7702226042747498
2269,0.26495325565338135
2270,0.3489276170730591
2271,0.4900131821632385
2272,0.5806959271430969
2273,0.7633432745933533
2274,0.37431707978248596
2275,0.2217695266008377
2276,0.19231347739696503
2277,0.5019562244415283
2278,0.892170250415802
2279,0.3495156764984131
2280,0.15377011895179749
2281,0.45118018984794617
2282,0.826540470123291
2283,0.4317196309566498
2284,0.8135829567909241
2285,0.6682268977165222
2286,0.05899467319250107
2287,0.3518902659416199
2288,0.1469169706106186
2289,0.5016201138496399
2290,0.6361004710197449
2291,0.009211739525198936
2292,0.8369651436805725
2293,0.5248066186904907
2294,0.8264599442481995
2295,0.46264249086380005
2296,0.5384066700935364
2297,0.7278690338134766
2298,0.292187362909317
2299,0.20795993506908417
2300,0.08571723103523254
2301,0.6214655637741089
2302,0.8031909465789795
2303,0.03727586567401886
2304,0.38752904534339905
2305,0.47223326563835144
2306,0.3673878610134125
2307,0.7110337615013123
2308,0.14762580394744873
2309,0.20532995462417603
2310,0.3514402508735657
2311,0.5496559143066406
2312,0.6533100605010986
2313,0.5607301592826843
2314,0.7076950073242188
2315,0.11851504445075989
2316,0.8360479474067688
2317,0.3046155273914337
2318,0.4346284568309784
2319,0.3772701919078827
2320,0.03702400624752045
2321,0.597136378288269
2322,0.20978906750679016
2323,0.8208997845649719
2324,0.723416268825531
2325,0.5895028710365295
2326,0.672175943851471
2327,0.2307693213224411
2328,0.16369059681892395
2329,0.4909793734550476
2330,0.21106606721878052
2331,0.5593596696853638
2332,0.6357337832450867
2333,0.5271347761154175
2334,0.7896887063980103
2335,0.07392264157533646
2336,0.4397340416908264
2337,0.7127017378807068
2338,0.14277008175849915
2339,1.145426630973816
2340,0.1886807084083557
2341,0.2660982310771942
2342,0.06999101489782333
2343,0.5259026885032654
2344,0.3478986918926239
2345,0.20458045601844788
2346,0.5995843410491943
2347,0.43807393312454224
2348,0.4614686965942383
2349,0.17470307648181915
2350,0.620405375957489
2351,0.49414584040641785
2352,0.6122776865959167
2353,0.07393557578325272
2354,0.3835257589817047
2355,0.6627846360206604
2356,0.7120557427406311
2357,0.6430132389068604
2358,0.7332833409309387
2359,1.1016182899475098
2360,0.337340772151947
2361,0.6136005520820618
2362,0.5322825312614441
2363,0.08867061138153076
2364,0.5668676495552063
2365,0.8279311656951904
2366,0.047290436923503876
2367,0.7305256724357605
2368,0.48132872581481934
2369,0.1336667239665985
2370,0.7086866497993469
2371,0.5222827792167664
2372,0.22252990305423737
2373,0.6348468661308289
2374,0.37626248598098755
2375,0.8290473818778992
2376,0.651644766330719
2377,0.33059316873550415
2378,0.10734609514474869
2379,0.896484911441803
2380,0.7734609246253967
2381,0.9441421627998352
2382,0.31606999039649963
2383,0.8471010327339172
2384,0.8645251393318176
2385,0.7137245535850525
2386,0.3530919551849365
2387,0.31875234842300415
2388,0.2224818468093872
2389,0.4681113362312317
2390,0.07273420691490173
2391,0.44035792350769043
2392,0.638752281665802
2393,0.6519587635993958
2394,0.25037696957588196
2395,0.33733242750167847
2396,0.2637457847595215
2397,0.6570959687232971
2398,0.3396613597869873
2399,0.6814762353897095
2400,0.40409737825393677
2401,0.08606195449829102
2402,0.6494896411895752
2403,0.8177312612533569
2404,0.7822569012641907
2405,0.1508912891149521
2406,0.01707533933222294
2407,0.8893135190010071
2408,0.7053869366645813
2409,0.7730311751365662
2410,0.4045308232307434
2411,0.49668532609939575
2412,0.06096615642309189
2413,0.7226110696792603
2414,0.42358219623565674
2415,0.4577978849411011
2416,0.306609570980072
2417,0.6066988110542297
2418,0.04527812823653221
2419,0.7311870455741882
2420,0.6314100623130798
2421,0.10924477130174637
2422,0.4874490201473236
2423,0.5352838039398193
2424,0.6902922987937927
2425,0.3821391463279724
2426,0.7592076659202576
2427,0.8569203615188599
2428,0.8862557411193848
2429,0.19584374129772186
2430,0.9030322432518005
2431,0.9513083100318909
2432,0.6269976496696472
2433,0.6252802610397339
2434,0.673040509223938
2435,0.19603657722473145
2436,0.04073995724320412
2437,0.38784557580947876
2438,0.2765187919139862
2439,0.507838249206543
2440,0.25711187720298767
2441,0.13738292455673218
2442,0.8932604193687439
2443,0.6396687626838684
2444,0.8575231432914734
2445,0.9442794322967529
2446,0.907430112361908
2447,0.441338449716568
2448,0.6025535464286804
2449,0.003930006176233292
2450,0.6707205772399902
2451,0.27042338252067566
2452,0.42706289887428284
2453,0.31610918045043945
2454,0.6438685059547424
2455,0.8485896587371826
2456,0.38703927397727966
2457,0.980895459651947
2458,0.5041503310203552
2459,0.7551798224449158
2460,0.5400125980377197
2461,0.6646995544433594
2462,0.13369543850421906
2463,0.3895781338214874
2464,0.33352798223495483
2465,0.4881751537322998
2466,0.7001157999038696
2467,0.2173583060503006
2468,0.5944786071777344
2469,0.7186658978462219
2470,0.004881164059042931
2471,0.848986804485321
2472,0.8631830215454102
2473,0.10300803184509277
2474,0.09239935129880905
2475,0.362933874130249
2476,0.1108713373541832
2477,0.030748918652534485
2478,0.17696426808834076
2479,0.4625767469406128
2480,0.19307512044906616
2481,0.623257040977478
2482,0.23522576689720154
2483,0.5352949500083923
2484,0.3866283595561981
2485,0.7850028872489929
2486,0.8241220116615295
2487,0.15383072197437286
2488,0.20627543330192566
2489,0.7724288702011108
2490,0.11307541280984879
2491,0.48237091302871704
2492,0.39264407753944397
2493,0.13948281109333038
2494,0.6393943428993225
2495,0.11339092254638672
2496,0.524116039276123
2497,0.686378538608551
2498,0.5301505923271179
2499,0.5780535340309143
2500,0.8191580176353455
2501,0.17828893661499023
2502,0.45206260681152344
2503,0.8217515349388123
2504,0.5374550223350525
2505,0.10602085292339325
2506,0.21677611768245697
2507,0.4143180847167969
2508,0.7627498507499695
2509,0.7819545269012451
2510,0.2695961594581604
2511,0.7981521487236023
2512,0.50177401304245
2513,0.3605203628540039
2514,0.019442478194832802
2515,1.1684435606002808
2516,1.6069331169128418
2517,0.03566857799887657
2518,0.4444906413555145
2519,0.2761523723602295
2520,0.5763385891914368
2521,0.5197125673294067
2522,0.759793758392334
2523,0.7887189984321594
2524,-0.0030989553779363632
2525,0.2156546264886856
2526,0.7810737490653992
2527,0.19166572391986847
2528,0.12458044290542603
2529,1.0039395093917847
2530,0.6508188843727112
2531,0.33994781970977783
2532,0.7239412665367126
2533,0.7803282141685486
2534,0.18728676438331604
2535,0.11438390612602234
2536,0.279951810836792
2537,0.5232909321784973
2538,0.249729186296463
2539,0.14244809746742249
2540,0.6604796051979065
2541,0.3736186921596527
2542,0.8640337586402893
2543,0.7964441180229187
2544,0.14075639843940735
2545,0.9014219045639038
2546,0.8405472040176392
2547,0.7674757242202759
2548,0.7781032919883728
2549,0.9026586413383484
2550,0.6102145314216614
2551,0.5637705326080322
2552,0.4589877128601074
2553,0.6512361168861389
2554,0.3382112681865692
2555,0.3525376319885254
2556,0.21416731178760529
2557,0.6750488877296448
2558,0.05267711728811264
2559,0.4063955843448639
2560,0.8750224113464355
2561,1.0165832042694092
2562,0.3176705241203308
2563,0.9759103655815125
2564,0.48031139373779297
2565,0.45281174778938293
2566,0.6838034987449646
2567,0.10677355527877808
2568,0.8781971335411072
2569,0.31273162364959717
2570,0.7931823134422302
2571,0.6188793778419495
2572,0.05704033374786377
2573,0.5419776439666748
2574,0.5633078217506409
2575,0.3021552562713623
2576,0.03892636299133301
2577,0.08362265676259995
2578,0.6922717690467834
2579,0.7707933187484741
2580,0.5782108902931213
2581,0.16437049210071564
2582,0.6530519723892212
2583,0.09222958981990814
2584,0.9076799154281616
2585,0.3653598427772522
2586,0.86663818359375
2587,0.9275232553482056
2588,0.3304401934146881
2589,0.5084568858146667
2590,0.689122200012207
2591,0.3337550461292267
2592,0.684670627117157
2593,0.6163961291313171
2594,0.5889937877655029
2595,0.19839049875736237
2596,0.4297512471675873
2597,0.35221990942955017
2598,0.2502509653568268
2599,0.01763593778014183
2600,0.5062990784645081
2601,0.28261804580688477
2602,0.554127037525177
2603,0.33443504571914673
2604,0.028478052467107773
2605,0.411210834980011
2606,0.7280304431915283
2607,0.06252337992191315
2608,0.014151427894830704
2609,0.631404459476471
2610,0.15764951705932617
2611,0.2145705372095108
2612,0.6058348417282104
2613,0.17222900688648224
2614,0.16961322724819183
2615,0.31474781036376953
2616,0.7762740850448608
2617,0.06058240681886673
2618,0.540912926197052
2619,0.6909294724464417
2620,0.5938065648078918
2621,0.5962479710578918
2622,0.429456889629364
2623,0.637980043888092
2624,0.8268033862113953
2625,0.6993606090545654
2626,0.43332743644714355
2627,0.03495466709136963
2628,0.3084370493888855
2629,0.6009952425956726
2630,0.362532377243042
2631,0.8277605772018433
2632,0.03519562631845474
2633,0.757762610912323
2634,0.43946367502212524
2635,0.8714465498924255
2636,0.34420090913772583
2637,0.74180006980896
2638,0.39660584926605225
2639,0.0032720472663640976
2640,0.7533397078514099
2641,0.25907933712005615
2642,0.09136057645082474
2643,0.37228789925575256
2644,0.8066943883895874
2645,0.5661868453025818
2646,0.3468051552772522
2647,0.2710466980934143
2648,0.671906054019928
2649,0.21948370337486267
2650,0.456784188747406
2651,0.037713199853897095
2652,0.6178052425384521
2653,0.29145774245262146
2654,0.03692778944969177
2655,0.8822486400604248
2656,0.747097373008728
2657,0.7253850698471069
2658,0.5954893231391907
2659,0.5408140420913696
2660,0.0673740953207016
2661,0.6198610663414001
2662,0.3095667064189911
2663,0.6037039160728455
2664,0.19922815263271332
2665,0.32624611258506775
2666,0.4853421449661255
2667,0.16250008344650269
2668,0.4108589291572571
2669,0.4534430205821991
2670,0.2317621260881424
2671,0.38382914662361145
2672,0.7124157547950745
2673,0.49221810698509216
2674,0.7874898910522461
2675,0.5032277703285217
2676,0.5390610694885254
2677,0.1609116643667221
2678,0.06566420197486877
2679,0.49709466099739075
2680,0.8665533661842346
2681,0.8762016296386719
2682,0.10849852114915848
2683,0.75313401222229
2684,0.017194781452417374
2685,0.02931314706802368
2686,0.7040536999702454
2687,0.8217856884002686
2688,0.21473301947116852
2689,0.366701602935791
2690,0.7522671818733215
2691,0.6090208292007446
2692,0.7747021317481995
2693,0.05620533227920532
2694,0.5578677654266357
2695,0.29557105898857117
2696,0.7446151375770569
2697,0.715613067150116
2698,0.8502064347267151
2699,0.36796459555625916
2700,0.07869472354650497
2701,0.7150222063064575
2702,0.21562159061431885
2703,0.7182444930076599
2704,0.5449005365371704
2705,0.3690163493156433
2706,0.6514999866485596
2707,0.4524831771850586
2708,0.2509852945804596
2709,0.04363302141427994
2710,0.2922511100769043
2711,0.607183575630188
2712,0.46272292733192444
2713,0.3425944149494171
2714,0.5682520270347595
2715,0.3815414309501648
2716,0.0539126917719841
2717,0.6634150743484497
2718,0.7086658477783203
2719,1.021267294883728
2720,0.4331105947494507
2721,0.13150979578495026
2722,0.13524402678012848
2723,0.05822627991437912
2724,0.3611384332180023
2725,0.19438545405864716
2726,0.8615091443061829
2727,0.2962495982646942
2728,0.8361971974372864
2729,0.2221539169549942
2730,0.5372083187103271
2731,0.49196794629096985
2732,0.6841458082199097
2733,0.16551907360553741
2734,-0.027908610180020332
2735,0.7444023489952087
2736,0.22529800236225128
2737,0.6848559975624084
2738,0.6426898241043091
2739,0.41020309925079346
2740,0.27096638083457947
2741,0.3357229232788086
2742,0.19457899034023285
2743,0.21093815565109253
2744,0.44704845547676086
2745,0.31803563237190247
2746,0.05458713695406914
2747,0.836791455745697
2748,0.7521013021469116
2749,0.6531452536582947
2750,0.7812974452972412
2751,0.8592004776000977
2752,0.40606510639190674
2753,0.4592554271221161
2754,1.0529532432556152
2755,0.808236837387085
2756,0.7224075794219971
2757,0.8405662178993225
2758,-0.024159053340554237
2759,0.396283358335495
2760,0.5891184210777283
2761,0.09010255336761475
2762,0.6981467604637146
2763,0.32860949635505676
2764,0.16132938861846924
2765,0.7138175964355469
2766,0.24225609004497528
2767,0.31073272228240967
2768,0.3401124179363251
2769,0.76399827003479
2770,0.8977882266044617
2771,0.6885219812393188
2772,0.3733891546726227
2773,0.23324896395206451
2774,0.7136308550834656
2775,0.10943201929330826
2776,0.4515814483165741
2777,0.2194528579711914
2778,0.22750303149223328
2779,0.17314738035202026
2780,0.47235459089279175
2781,0.3362169563770294
2782,0.6867992281913757
2783,0.7120906114578247
2784,0.09180008620023727
2785,0.7874879240989685
2786,0.5702807307243347
2787,0.8490380644798279
2788,0.8289434909820557
2789,0.3489421010017395
2790,0.8301244378089905
2791,0.2814723253250122
2792,0.08746705204248428
2793,0.03949061781167984
2794,0.6032886505126953
2795,0.44162318110466003
2796,0.4274711310863495
2797,0.4431722164154053
2798,0.16491974890232086
2799,0.8282314538955688
2800,0.77567458152771
2801,0.764367938041687
2802,0.24283339083194733
2803,0.773428201675415
2804,0.07045092433691025
2805,0.549656093120575
2806,0.07073939591646194
2807,0.6652625799179077
2808,0.7398841977119446
2809,0.04085427522659302
2810,0.3561317026615143
2811,0.8388231992721558
2812,0.47112980484962463
2813,0.8382399082183838
2814,0.8104262948036194
2815,0.3505100607872009
2816,0.2447180151939392
2817,0.7389894723892212
2818,0.3338707387447357
2819,0.16750387847423553
2820,0.693039059638977
2821,0.11823916435241699
2822,0.08440649509429932
2823,0.5596686601638794
2824,0.47065141797065735
2825,0.034290216863155365
2826,0.4265642762184143
2827,0.22816875576972961
2828,0.8716897964477539
2829,0.8705675005912781
2830,0.17206613719463348
2831,0.5362856388092041
2832,0.3699931204319
2833,0.6841181516647339
2834,0.12406817078590393
2835,0.5550111532211304
2836,0.3663778007030487
2837,0.4247247576713562
2838,0.6925327777862549
2839,0.7223239541053772
2840,0.023236636072397232
2841,0.74842369556427
2842,0.306674063205719
2843,0.7288591265678406
2844,0.4246421754360199
2845,0.32886117696762085
2846,0.2323552817106247
2847,0.7265945076942444
2848,0.5399601459503174
2849,0.8132578134536743
2850,0.3739980459213257
2851,0.34280121326446533
2852,0.7100116610527039
2853,0.6871786117553711
2854,0.7196750640869141
2855,0.20365656912326813
2856,0.18524910509586334
2857,0.030751168727874756
2858,0.6188020706176758
2859,0.054310526698827744
2860,0.9134244918823242
2861,0.44800761342048645
2862,0.09318277984857559
2863,1.0716195106506348
2864,0.5236036777496338
2865,0.6920199990272522
2866,0.7965787053108215
2867,0.6548450589179993
2868,0.13387957215309143
2869,0.830653727054596
2870,0.573747992515564
2871,0.31653082370758057
2872,0.7250566482543945
2873,0.5192643404006958
2874,0.33221733570098877
2875,0.4596857726573944
2876,0.8112565279006958
2877,0.25335755944252014
2878,0.3129182755947113
2879,0.778887927532196
2880,0.64934241771698
2881,0.19557829201221466
2882,0.8222711086273193
2883,0.22997845709323883
2884,0.7429375052452087
2885,0.3942033350467682
2886,0.8297038674354553
2887,0.5122248530387878
2888,0.5250204205513
2889,0.20662914216518402
2890,0.01601668819785118
2891,0.10486650466918945
2892,0.08914283663034439
2893,-0.010512249544262886
2894,0.753222644329071
2895,0.3357663154602051
2896,0.6875083446502686
2897,0.0741872563958168
2898,0.6525838375091553
2899,0.09601397812366486
2900,0.6759859919548035
2901,0.3922130763530731
2902,0.8889402151107788
2903,0.5461373925209045
2904,0.5830496549606323
2905,0.6889874339103699
2906,0.5479352474212646
2907,0.220708429813385
2908,0.7998420596122742
2909,0.23997466266155243
2910,0.6744430065155029
2911,0.8181453943252563
2912,0.6386716961860657
2913,0.7750309109687805
2914,0.2995833158493042
2915,0.30919450521469116
2916,0.12160031497478485
2917,0.39930006861686707
2918,0.8523326516151428
2919,0.8363932371139526
2920,0.9856841564178467
2921,0.12024856358766556
2922,0.9213124513626099
2923,0.3126155734062195
2924,0.682833731174469
2925,0.29770129919052124
2926,0.8101882338523865
2927,0.826546847820282
2928,0.4287218749523163
2929,0.28548938035964966
2930,0.750914454460144
2931,0.5188695788383484
2932,0.8762394189834595
2933,0.5765880346298218
2934,0.21635542809963226
2935,0.3432036340236664
2936,0.23208360373973846
2937,0.4610626697540283
2938,0.6862121224403381
2939,0.8745919466018677
2940,0.5540668368339539
2941,0.8109036684036255
2942,0.5883970260620117
2943,0.5562894940376282
2944,0.8473348617553711
2945,0.1497316062450409
2946,0.4819333553314209
2947,0.33241453766822815
2948,0.7910467982292175
2949,0.07495211064815521
2950,0.6733513474464417
2951,0.4979996383190155
2952,0.4604151248931885
2953,0.3599623739719391
2954,0.10081615298986435
2955,0.013781724497675896
2956,0.11256243288516998
2957,0.20987148582935333
2958,0.7863702774047852
2959,0.1494770497083664
2960,0.07860630750656128
2961,0.033244118094444275
2962,0.3786587119102478
2963,0.40184685587882996
2964,0.7512723207473755
2965,0.03678350895643234
2966,0.021980250254273415
2967,0.9173506498336792
2968,1.0991076231002808
2969,0.7413350939750671
2970,0.9329969882965088
2971,0.6205641031265259
2972,0.7929993271827698
2973,0.7710574865341187
2974,0.32258862257003784
2975,0.347677081823349
2976,0.10609794408082962
2977,0.30507028102874756
2978,0.1806326061487198
2979,0.111681267619133
2980,0.3777574896812439
2981,0.7194038033485413
2982,0.37265118956565857
2983,0.738969624042511
2984,0.06435909122228622
2985,0.4513479173183441
2986,0.5750759243965149
2987,0.4485117197036743
2988,0.5819998383522034
2989,0.4237768054008484
2990,0.6938474178314209
2991,0.3816350996494293
2992,0.24285195767879486
2993,0.31194809079170227
2994,0.7616974711418152
2995,0.047726042568683624
2996,0.5479000210762024
2997,0.4811245799064636
2998,0.04733044654130936
2999,0.8717694282531738
3000,0.912988007068634
3001,0.4542742073535919
3002,0.1383618414402008
3003,0.2666013538837433
3004,0.46404367685317993
3005,0.5443028211593628
3006,0.6572228074073792
3007,0.6717513799667358
3008,0.06252772361040115
3009,0.49966344237327576
3010,0.23559443652629852
3011,0.7965279817581177
3012,0.09566636383533478
3013,0.3637434244155884
3014,0.8031983971595764
3015,0.010980376973748207
3016,0.49352842569351196
3017,0.08918070793151855
3018,0.022886622697114944
3019,0.2978328764438629
3020,0.19915594160556793
3021,0.15808652341365814
3022,0.22657667100429535
3023,0.27838632464408875
3024,0.17503030598163605
3025,0.5365527272224426
3026,0.5072881579399109
3027,0.7195672392845154
3028,-0.00441405177116394
3029,0.3973405361175537
3030,0.5902055501937866
3031,0.00016927532851696014
3032,0.8558136224746704
3033,0.7025668621063232
3034,0.4139019250869751
3035,0.7109459638595581
3036,0.4014904201030731
3037,0.013468533754348755
3038,0.08034898340702057
3039,0.08583305776119232
3040,0.6864252090454102
3041,0.3071470558643341
3042,0.7235181927680969
3043,0.15337184071540833
3044,0.5199539065361023
3045,0.2173856943845749
3046,0.6957871317863464
3047,0.5338730216026306
3048,-0.0010348856449127197
3049,0.48467332124710083
3050,0.6341428160667419
3051,0.32783272862434387
3052,0.2988600432872772
3053,0.5189513564109802
3054,0.24649351835250854
3055,0.44391486048698425
3056,0.64779132604599
3057,0.7223396897315979
3058,0.7517967820167542
3059,0.6335547566413879
3060,0.6941742897033691
3061,0.7456260919570923
3062,0.14523100852966309
3063,0.5679445862770081
3064,0.19562257826328278
3065,0.6928845047950745
3066,0.7821559309959412
3067,0.34960588812828064
3068,0.4658760130405426
3069,0.49381694197654724
3070,0.5974566340446472
3071,0.6808995604515076
3072,0.6027956008911133
3073,0.9132478833198547
3074,1.086158275604248
3075,0.01750524342060089
3076,0.6737576127052307
3077,0.5787126421928406
3078,0.5572288036346436
3079,0.07254466414451599
3080,0.014410950243473053
3081,0.05094112455844879
3082,0.6079640984535217
3083,0.1607223004102707
3084,0.6052544713020325
3085,0.7924935221672058
3086,0.1697247475385666
3087,0.29284757375717163
3088,0.93287193775177
3089,0.730798065662384
3090,0.15973249077796936
3091,0.6245729923248291
3092,0.5796010494232178
3093,0.018847640603780746
3094,0.3351433575153351
3095,0.8203576803207397
3096,0.20331981778144836
3097,0.14196929335594177
3098,0.682786762714386
3099,0.34889695048332214
3100,0.17528852820396423
3101,0.04585205763578415
3102,0.8061848282814026
3103,0.8716578483581543
3104,0.17244841158390045
3105,0.7344045639038086
3106,0.33460432291030884
3107,0.6203082799911499
3108,0.5941898822784424
3109,0.4664422273635864
3110,0.49667689204216003
3111,0.6983657479286194
3112,0.8611788749694824
3113,0.7860749959945679
3114,0.4353085160255432
3115,0.2957167625427246
3116,0.20033665001392365
3117,0.05844539403915405
3118,0.8826368451118469
3119,0.4868246018886566
3120,0.4974169135093689
3121,0.5555943846702576
3122,0.8812310099601746
3123,0.8275564908981323
3124,0.9481626152992249
3125,0.6782994866371155
3126,0.8776814341545105
3127,0.3383648097515106
3128,0.556988000869751
3129,0.13062892854213715
3130,0.13652242720127106
3131,0.22431893646717072
3132,0.2759663164615631
3133,0.05425233393907547
3134,0.6401563286781311
3135,0.9042810797691345
3136,0.4273202121257782
3137,0.15851230919361115
3138,0.19921571016311646
3139,0.6938297748565674
3140,0.821946382522583
3141,0.01682916097342968
3142,0.32299402356147766
3143,0.6696464419364929
3144,0.36033305525779724
3145,0.01956479623913765
3146,0.6106016039848328
3147,0.2805153429508209
3148,0.921546459197998
3149,0.6756821870803833
3150,0.3732537031173706
3151,0.9964631795883179
3152,0.17452670633792877
3153,0.6200162172317505
3154,0.22070316970348358
3155,0.19753722846508026
3156,0.7089633941650391
3157,0.0927504226565361
3158,0.8703165054321289
3159,0.34938403964042664
3160,0.05721239000558853
3161,-0.013244396075606346
3162,0.0781456008553505
3163,0.7635454535484314
3164,0.30612820386886597
3165,0.018519362434744835
3166,0.08284197002649307
3167,0.16342076659202576
3168,0.7797173261642456
3169,0.2322775423526764
3170,0.6749836802482605
3171,0.32863277196884155
3172,0.6989176869392395
3173,0.2933335304260254
3174,0.47264766693115234
3175,0.0031901951879262924
3176,0.22897876799106598
3177,0.7200675010681152
3178,0.22552187740802765
3179,0.7933123707771301
3180,0.820785403251648
3181,0.06672925502061844
3182,0.8915621042251587
3183,0.12652362883090973
3184,0.7021437883377075
3185,0.06965561211109161
3186,0.6028363704681396
3187,0.06838691979646683
3188,0.7825868129730225
3189,0.8503429889678955
3190,0.4243617653846741
3191,0.05032816156744957
3192,0.5398312211036682
3193,0.9417872428894043
3194,0.6047903299331665
3195,0.15188248455524445
3196,0.6156963109970093
3197,0.16644501686096191
3198,0.5627440214157104
3199,0.692104160785675
3200,0.4251216650009155
3201,0.41259583830833435
3202,0.8287594318389893
3203,0.32624682784080505
3204,0.7278352975845337
3205,0.3795793056488037
3206,0.31900250911712646
3207,0.5803160667419434
3208,0.6169076561927795
3209,0.8855686187744141
3210,0.30104249715805054
3211,0.820649266242981
3212,0.1647609919309616
3213,0.6766370534896851
3214,0.3723022937774658
3215,0.3907946050167084
3216,-0.016385698691010475
3217,0.7972990870475769
3218,0.3142031729221344
3219,0.050415679812431335
3220,0.19117137789726257
3221,0.2057955116033554
3222,0.6078634858131409
3223,0.8261081576347351
3224,0.9223130941390991
3225,0.5410966873168945
3226,0.6959104537963867
3227,0.2367285043001175
3228,0.11982574313879013
3229,0.3309631943702698
3230,0.8418291807174683
3231,0.012620667926967144
3232,0.39478519558906555
3233,0.42097002267837524
3234,0.510040819644928
3235,0.8845298290252686
3236,0.23946818709373474
3237,0.1345958411693573
3238,0.6197131872177124
