Id,winPlacePerc
c9ce5e5749758a,0.3214285714285714
262418e6a1fd89,0.1875
1fdaad049557d9,0.3214285714285714
cb1761d22b957e,0.3061224489795918
1b86424e60c2e8,0.5714285714285714
8baccf6d9344cf,0.19791666666666666
2d6cca8017d667,0.07142857142857142
fee59f6436380e,0.0
97019a33c76486,0.648936170212766
16db788e2207a4,0.4444444444444445
f18abd04af40ec,0.20430107526881722
1dd59a6ef0b0de,0.061224489795918366
a1410e252d3e4d,0.75
16ca269cb75432,0.9259259259259258
3b834fd06fc853,0.7340425531914894
c3460cd36675e1,0.2692307692307693
7990f2f1dd43c8,0.46428571428571425
d1b7b3a65328ef,0.15384615384615385
451c8d2b6c8929,0.5555555555555556
5fd355e503bd9d,0.0
042295a70eb994,0.9387755102040816
af05f12f3eb09b,0.14583333333333331
6abde632da67dd,0.0425531914893617
0999e8e184db9a,0.0
ebb53b6007a419,0.6063829787234042
7106325ae51e6d,0.041666666666666664
445a2eec828ce8,0.26530612244897955
72eab052b595ba,0.038461538461538464
840acfce4c1d8d,0.41666666666666663
2dbb3ef3bd5382,0.44
68dd8fb262d19d,0.07142857142857142
692d4c4605fe01,0.6458333333333333
9d5cbdb2679dbc,0.5806451612903226
7013002bcd8dd7,0.4444444444444444
0884b643d4ddc0,0.020833333333333332
d04f940806887f,0.17708333333333331
c96b1788afec66,0.13541666666666666
4b4828b9ac7d1b,0.9148936170212766
fa22d1d7d0c30f,0.6071428571428571
f163bc0f851a61,0.2857142857142857
88514891b3ac87,0.8571428571428571
66896a92bea9f2,0.8518518518518519
05adef9fa4b9c1,0.3333333333333333
24a5641b380be4,0.12
bd5219835bf798,0.2795698924731183
b9d916bda9c47d,0.11538461538461539
33d4df00563a61,0.13333333333333333
57d549dbb9c81d,0.9375
e06081cbf6caa3,0.3111111111111111
f5905ecdcacf33,0.6071428571428571
f883ce197a9a1d,0.08333333333333333
138fbdb930c791,0.7037037037037037
47645f7b7e0d52,1.0
6214beab56baef,0.5306122448979591
55ef8a922d0cff,0.48888888888888893
0bfdaad61e1b9e,0.7340425531914894
1b174c05c2a4ca,0.7446808510638298
e00ccb2b15fc8e,0.9680851063829787
43f1c20e99c946,0.28125
903a1b04edb9f4,0.10714285714285714
d92107244bc7f2,0.18367346938775508
835838eefd5308,0.02127659574468085
3f6b0e21f453c9,0.935483870967742
be0f6a051a6a48,0.8928571428571428
b11b496e669d09,0.22916666666666666
f7cfcd1a8d778d,0.75
59687cd76daf67,0.07407407407407407
dfe542320b3fef,0.44791666666666663
8c42137cb93f33,0.5531914893617021
dc76b229bd1a2f,0.03571428571428571
0f3e9e204907cc,0.2765957446808511
9e5d1a0f3cc63c,0.2857142857142857
57236df34e67f0,0.8617021276595744
c3cf3546cbefc6,0.3191489361702128
9a431bcd5ba7a0,0.1827956989247312
89aa5fe1294d66,0.48
8155ac07ae0870,1.0
307d824dfd1de1,0.2857142857142857
04a4d89f5bf531,0.031914893617021274
5d3e598f5ae9d8,0.46153846153846156
79f2c0bd226cac,0.8
29e14b83ba53f6,0.9183673469387754
9284aee78f4e8e,0.03571428571428571
4585db2867ff78,0.6222222222222222
29a55dc941d50a,0.9591836734693877
83171836ad12c7,0.3958333333333333
6e687e3ed0b668,0.2040816326530612
1c235db980758c,0.2857142857142857
66e37983027a44,0.0
e845aa75c3bc3e,0.46808510638297873
ecf1728f6400d9,0.14285714285714285
5fa7578c256edc,0.04
2296840baeabbd,0.1020408163265306
7518c74d4e7a16,0.18085106382978722
0ab86fc41e3031,0.21505376344086025
9047aef576f53f,0.625
a7725ac4135d6d,0.6888888888888889
290c7c5eefa8f7,0.36
552e18aa84967a,0.20833333333333331
58574fc736f682,0.9183673469387754
67937e54381575,0.44897959183673464
72e36177b922b6,0.8541666666666666
92df1714d774cc,0.9361702127659575
086eafc8202360,0.8723404255319148
4a650f6e2a5f1d,0.2
6095b784e7e7a2,0.12244897959183673
6380985faed50d,0.2692307692307693
af4899233501f3,0.14285714285714285
cc973155b22e60,0.52
e19b0996885326,0.08
cbe53bab7ea3ce,1.0
c65b91165d4e98,0.6122448979591836
6968c93a652ff4,0.0
9ec74349af1a0b,0.5357142857142857
e32771ade76522,0.6276595744680851
535dd104727c30,0.35416666666666663
c89d23d13483e0,0.14583333333333331
883a8aa6977071,0.33333333333333337
a99bfafb415114,0.9615384615384616
52cc6b2745d69f,0.6538461538461539
ce4e8931967759,0.5106382978723404
df7a13c0e0979e,0.96
85040229a19894,0.07142857142857142
4e0430163f4505,0.24
598a526d4cc9c6,0.425531914893617
ccb493102f8f9d,0.9583333333333333
3d997bc8d2b166,0.7959183673469387
c955801296f191,0.0425531914893617
00c4c4f50cb7ab,0.26530612244897955
fa2728b4bafb0b,0.8888888888888888
2dd44459942047,0.1276595744680851
0ca44410777999,0.38709677419354843
d2bd9594095b1c,0.75
82e38a8777fbdd,0.7777777777777778
55121211988bf1,0.6530612244897959
dedef5e6e07569,0.8936170212765957
d72691bef5241a,0.8928571428571428
514515387ba155,0.6666666666666666
71478cd29eb4e6,0.92
049e538678ff29,0.9042553191489362
b2636609195734,0.6875
bf4910e5e2b08c,0.9795918367346939
e6952642fdc2da,0.3571428571428571
eca359224aa2e9,0.10638297872340426
11c428c905f4a5,0.22916666666666666
6c6803291179c4,0.0425531914893617
b428b2fc8b5efa,0.0
39c37e89784bc1,0.7692307692307693
c2c4a7f52aad28,0.7291666666666666
5e801d4374bb29,0.041666666666666664
7db184f1ad0908,0.9895833333333333
ec85ecc067f08f,0.6875
6ceb0a81b7fcea,0.9999999999999999
e52ba1084ca12e,0.7755102040816326
3da43cb97c45dc,0.96
5a737630f7d8d5,0.10714285714285714
2b9bed791bf1dc,0.3829787234042553
243e2ea6ed8250,0.72
95ec0f64cef8d9,0.6428571428571428
adb1b956fd8c28,0.07142857142857142
8b8280d37776f2,0.46153846153846156
5829f2ada3b576,0.7857142857142857
3a35d4b7976191,0.9259259259259258
af643f8caae932,0.776595744680851
364b678f96969c,0.14893617021276595
60fc073ae70339,0.6666666666666666
596109a838546c,0.7857142857142857
b9a1e849fd5656,0.6145833333333333
e9ac49008be761,0.3125
58ff3c89d406be,0.04081632653061224
a0ff3651398e54,0.9375
58e69f4fa8086a,0.8148148148148148
f84f8cd1bf61f0,0.851063829787234
56fe7c43305d29,0.375
6d3776a8477c3f,1.0
9af564beeb92a2,0.32653061224489793
258bc683cd563b,0.6428571428571428
de637d45d22337,0.4583333333333333
d4cfa6c46e726f,0.8214285714285714
30bbd4f8a42795,0.16
73149b156b128f,0.8
96f7f7b78a7708,0.9230769230769231
ebb0f3f536e8ca,0.7204301075268817
d95c593c85c56e,0.125
5484dc2ff634ba,0.5333333333333333
c4bc789e2a9797,0.10714285714285714
533bcf9e4c34c0,0.16
f99b83c39905c6,0.23404255319148937
0951e415a9da44,0.625
aec628dd61c16b,0.6785714285714285
1c5557cdf23bc8,0.9574468085106382
1dfb4d4577ba4a,0.5833333333333333
0ffb939a50c33c,0.46428571428571425
b34bd3daf97af5,0.15555555555555556
3da09630bea41d,0.5102040816326531
a98591c1a408cf,0.8666666666666667
77c41404af0e48,0.7142857142857142
63b031638a13da,0.375
9b200bc66f9fd2,0.2857142857142857
4cc954e45737b9,0.0
c28cf5e1558095,0.673469387755102
3dabe0b5adbb1e,0.04
712fa715e75d4f,0.17857142857142855
3d16a26e174408,0.8928571428571428
cc8a6e21babd38,0.3571428571428571
671faf7cc47c26,0.6
6383a741839838,0.3829787234042553
be45cef792d20c,0.6122448979591836
e29b937e422ef4,0.8571428571428571
438d48297681b5,0.0
4067c7bdad4ced,0.8571428571428571
80e211b4b906c7,0.14893617021276595
516209be29aeb6,0.1020408163265306
8e11c7a8c6305c,0.5714285714285714
d87d05e32bfdcc,0.32
ac7e2ef38a5395,0.5777777777777778
921d7d2ab8c5b7,0.6296296296296295
81313e5d78fe59,0.16
ad03eb0f89046e,0.3125
1d8f4dcd93189b,0.7857142857142857
a929b5b4155ff2,1.0
d2e8f1e4504c61,0.5918367346938775
939436fcd39441,0.4361702127659574
6b98afbd090200,0.19230769230769232
952dc0a8c82b63,0.8
a8c6908e3ebb11,0.6170212765957447
ff55a31219f738,0.92
7d69d583e885c8,0.7916666666666666
20111bded8e8aa,0.038461538461538464
8fd7008a62deaa,0.46428571428571425
ce1a076c914369,0.6444444444444445
7f0a043bc29eff,0.8888888888888888
c4e6c8d3bacaa6,0.9591836734693877
f71831b99a1ebe,0.6785714285714285
ddc5471e94de5c,0.3125
c2f440f2e9e6f8,0.5
12e69df85c5dae,0.03571428571428571
50c43b6493b3ca,0.03571428571428571
2a5660c46adad0,0.3571428571428571
521da2425f1840,0.2903225806451613
2cea77e5f7c0f3,0.6153846153846154
db8e0df3a1fc26,0.04
4e8f69188d3515,0.08
854d987c07915e,0.2
ffbdd82748a806,0.5714285714285714
76d4d12f5758bf,0.06382978723404255
982a4319140f51,1.0
f2ac03fc06cdc6,0.03571428571428571
689395ab0c0e7e,0.75
3cd0029fc790a1,0.33333333333333337
e56e811822cf5c,0.13333333333333333
bf9ce2d67ba690,0.9387755102040816
0b471aa980cd26,0.14285714285714285
f4aafe1873333d,0.7111111111111111
5708ad9085a4a2,0.42857142857142855
cd553af9bbff1f,0.1875
b984b9be6c85cc,0.46808510638297873
2478759ccaf22f,0.52
59a032c8175465,0.2857142857142857
2872fb5181d857,0.10714285714285714
81e604dbd2c2cb,0.14583333333333331
f3fb6aa5e126c0,0.14285714285714285
d4a7d224e4a2c8,0.03571428571428571
86ad62468a378e,0.6222222222222222
7df7c67f8c917a,0.0
0b1181b42f7370,0.7857142857142857
276d290e2382fd,0.0
66663ca709698f,0.3333333333333333
b513df1325597a,0.7555555555555555
3114f7aff51a48,0.3125
7acce9121fa4e6,0.49462365591397855
a075135348d8f9,0.1702127659574468
21c98218e3fe40,0.3010752688172043
3fc6d0b9a2f564,0.7692307692307693
540fbec0182252,0.4
cf6f37b366cbda,0.84
aa1ef12edb2ca0,0.36
4ac4de43fb9a54,0.7111111111111111
070e4840ff2dec,0.22916666666666666
cccf9fcecabb49,0.04
a30ccf0528ab60,0.92
7b5c6eef9c664b,0.0
c700c4ffbe3469,0.8148148148148148
c8707ebf39a351,0.0
b7ea5d85c04ec4,0.0
3ac9e5481155bc,0.5357142857142857
60dc9ced87fdb3,0.08163265306122448
b487838fd517a6,0.23076923076923078
1b796b72b12c41,0.36170212765957444
98205aeff921bd,0.48
7af03e9a33aa7c,0.02040816326530612
91790e0b07471f,0.625
cbcdb069375df9,0.39285714285714285
5927d4c98a2e1d,0.03571428571428571
22bd8c21c35774,0.7849462365591399
005e624bc219d0,0.17857142857142855
870ecfcdd248c3,0.6979166666666666
5e0778a6c1693e,0.0
9ced8092c1295c,0.0625
b3692b01ee9279,0.5918367346938775
6288c5567d80d6,0.42857142857142855
74f2fcb0f0cb0c,0.15384615384615385
6b9d7038b068bd,0.5102040816326531
c0d905201afab0,0.42857142857142855
078a86f702d5d9,0.7708333333333333
289c9921effced,0.7708333333333333
e77740dab236b4,0.7419354838709677
f860a510573a50,0.2
b48e64727a9981,0.8979591836734693
0424057ab9d962,0.03571428571428571
98ae089e4f06f0,0.4895833333333333
a3d12363262f8c,0.42857142857142855
5fd3b9b7040140,0.5638297872340425
fb4dd89062189c,0.75
fedd9254cf973b,0.8214285714285714
2e5acd4e9e397d,0.0
62176951ba916a,0.5161290322580645
c928f0fe7c0ed0,1.0
6e8ce3eeb96525,0.10416666666666666
6329d56bcd8188,0.3333333333333333
3082c948f0c780,0.20833333333333331
158d1a83aa831a,0.0
836cfbd8b4ba4f,0.5425531914893617
5486e3ac62d509,0.851063829787234
5853f2fcc0054f,0.4693877551020408
1edfd09a556e9e,0.010638297872340425
cc9cccc74a7ed1,0.3214285714285714
fcd4428564841f,0.68
eb22784c9e92d8,0.3191489361702128
e0b5eac28d93de,0.037037037037037035
e9bd04e29b27d8,0.14285714285714285
b03fa45ce23c89,0.7142857142857142
9a6248b59a9248,0.0625
c50991d4bf3be3,0.03571428571428571
b6c248f111b059,0.0
30fc4c2225bb14,0.11458333333333333
667b87ba272899,1.0
98f67ac20ea658,0.35416666666666663
e2c5acfd327c1c,0.7021276595744681
5adc8bcae7ecd5,0.07446808510638298
28743631f9c04e,0.925531914893617
0d93f73d9afea8,0.32
fc78e5637d321f,0.3061224489795918
bf4549301e6630,0.020833333333333332
03b1ed25aa798f,0.9042553191489362
a545eb174bac01,0.8571428571428571
424f51160221a9,0.5833333333333333
e1d52d25e08a87,0.5957446808510638
0eae46c032329c,0.8085106382978723
b8d9b887c6d469,0.8461538461538463
b4b4b0bc10f23a,0.031914893617021274
8a6e1210fd0d62,0.9680851063829787
891e783518e3db,0.2708333333333333
b1d2e16f4c29d6,0.9787234042553191
b74d70e99fc901,0.2
196284746765ea,0.96
8463a6db7c63e4,0.64
f873e6b235b24c,0.16666666666666666
a3ca31a9ad4620,0.6428571428571428
65321348b7a0d5,0.10714285714285714
08cf11fedf3fcf,0.22916666666666666
c5472c2bb0d91b,0.21428571428571427
66ae0d5318ae60,0.10714285714285714
e26005d474eb1e,0.17857142857142855
d6a91ead56beb3,0.5744680851063829
a55ad821e2e026,0.2
7f75a40729125e,0.9361702127659575
1ae413be019305,0.9642857142857142
983b8b410d9fcf,0.17857142857142855
f9e868b60eead6,0.12
87bc18e49ce922,0.8163265306122448
831c01201a1c7f,0.08888888888888889
1a20baa77399f6,0.010752688172043012
c03251d5fa94ff,0.6702127659574468
3560dc1884c0f2,0.14285714285714285
d61cb02015c3c0,0.21428571428571427
838def9b796934,0.16666666666666666
6fbaa871c3880e,0.11538461538461539
8de7e71719aebd,0.7333333333333333
5f27a9bd2f8edc,0.0
a5a7464f7fdf97,0.0
eb01a082dd568d,0.2765957446808511
cd14114c0e9b0c,0.0851063829787234
98c5f83b3f99e0,0.888888888888889
8a525a5584b35d,0.25925925925925924
6694867aca9a18,0.0
0f126cad8e645e,0.4666666666666667
b5e229ff94acaa,0.6296296296296295
3e0c0a1a2f88d6,0.041666666666666664
10d11ec06f4faf,0.2962962962962963
f8ffe888a47faf,0.10752688172043012
f93042ea543edb,0.16
71379d22787c1c,1.0
a3fb3746153946,0.08888888888888889
6aad830cfd0db4,0.13333333333333333
b3c1cc33befd3e,0.4623655913978495
087f479367a12c,0.8163265306122448
ee4ed7aad6d3dd,0.22580645161290325
79494354549ccf,0.044444444444444446
ac02ec52b22cb6,0.0
e40319bbcbbf67,0.15053763440860216
381d18203c06ef,0.5384615384615385
88670ae3a5be89,1.0
d2508ca06c1e63,0.3404255319148936
ac0744fce6f216,0.8666666666666667
9d0536317a303e,0.5714285714285714
1c248c51d7c148,0.6785714285714285
c0546ac1ee867c,0.9629629629629629
c4323c949cadf8,0.7083333333333333
36e36751cb4199,0.04
f6832151547918,0.04081632653061224
27c07365d8beba,0.14285714285714285
4d4561ddee36b7,0.14814814814814814
28c88ae979e8c9,0.6063829787234042
888132bc64c7ab,0.26530612244897955
897c689bf85f50,0.46808510638297873
fddb7b402e5a42,0.6428571428571428
505d78ec76a3c1,0.7857142857142857
603b8252cc9cec,0.03571428571428571
7ba5232c197504,0.673469387755102
90364e2be96008,0.7127659574468085
26ee9aca42ed87,0.9642857142857142
f5037d237eb367,0.2
eff61d93a136d0,0.3333333333333333
400817345e808f,0.3404255319148936
e65690cae89d5c,0.7333333333333333
252c18b87f3b9d,0.42857142857142855
f73fe5f65cd5b7,0.03225806451612903
7a2c52c7bbf129,0.19230769230769232
48388ff520131e,0.24468085106382978
cf29eda1dcad9f,0.23404255319148937
db7868f3d1ffb5,0.3333333333333333
fd231c8355de6a,0.6428571428571428
d4d38fd31a9e23,0.8775510204081632
e22ecb0be0328b,0.8666666666666667
effbd2a8d5a173,0.3214285714285714
66817038ec958c,0.6170212765957447
1fb945f35103e3,0.7916666666666666
f2a178f64e024d,0.14814814814814814
fb721d2d718627,0.0
5fbf19a0b854c6,0.39285714285714285
b382d942db6c81,0.17204301075268819
27ed269d06f200,0.17857142857142855
d7c19fdd1e8dec,0.5333333333333333
dd9d63a7342cd8,0.10416666666666666
4cce90b6d41878,0.44897959183673464
78f79e79864c8c,0.10416666666666666
545a1b5ba291c3,0.8
6becb2a26e94d9,0.03571428571428571
7cfa060bd8c532,0.6326530612244897
b1ce2015d0a33d,1.0
ddbce411a37e1c,0.36
5c633345e5cf4d,0.5510204081632653
e87fceb9ddbb11,0.648936170212766
d7b699b02dc912,0.2040816326530612
fac61122dae3b0,0.6236559139784946
7b39117bb68b51,0.13333333333333333
b9790cdd1d4dcd,0.9468085106382979
7e67f7c6ad424f,0.9333333333333333
bda7c48bb00fb0,0.08333333333333333
c174703f577aad,0.26530612244897955
8b3eea13a63718,0.038461538461538464
639e810d60e2fa,0.946236559139785
c9be237dc2f643,0.14814814814814814
78ba6d048f3b53,1.0
3794dc26865102,0.5714285714285714
138550216c2c99,0.20833333333333331
5e6ab654ad0fa5,0.7857142857142857
09d2eef670a573,0.9791666666666666
fb36b016db621e,0.5833333333333333
b100367d84abc3,0.28723404255319146
7d8894eb91f990,0.8279569892473119
dd65217a6f53fb,0.26595744680851063
fb6767453c5bf6,0.9285714285714285
6dfc0b37e025ad,0.35416666666666663
9b020220b0b29c,0.36170212765957444
6228e6a931ce09,0.6382978723404256
c216891c54e970,0.03571428571428571
36072adc807a15,0.875
6abdb930eb9916,0.7777777777777777
92461fa9553716,0.47916666666666663
d89e63bc150607,0.39361702127659576
ab11cf3f55b698,0.02040816326530612
87d0657f4e93c8,0.84
c8baf109284493,0.9999999999999999
2ae607e6d883bd,0.7857142857142857
70f535b2d40922,0.17857142857142855
27532561887aa3,0.96
1b4f7465b5df9d,0.061224489795918366
d6a13d45d62974,0.35416666666666663
fb01b1a1a4f214,0.14893617021276595
c9e18c30f156ac,0.022222222222222223
2ccd233e593e2d,0.9285714285714285
91625388ee20ba,0.3571428571428571
ee620225eaebdb,0.08602150537634409
997454bf2e919e,0.8125
6f0c1cb25bad60,0.6071428571428571
1095c6bfa23a6d,0.44897959183673464
931f2638765620,0.9642857142857142
49638d6624c146,0.9574468085106382
fefa813da07ffe,0.35416666666666663
d45df43ae8374f,1.0
ea99577a6aee86,0.5957446808510638
da5a1948132c02,0.02127659574468085
05ed64aad260c1,0.18367346938775508
a942848a58d6ac,0.9111111111111111
5bae09bc2cacc2,0.07142857142857142
de7b5a07ad8545,1.0
9ff38d727e29cc,0.0
97ed539c879621,0.4516129032258065
b47579d9d378f3,0.5510204081632653
86890c2dace9c3,0.8085106382978723
71145180741084,0.5
e030e30d7023f1,0.8666666666666667
7b8dcdb743b351,0.32653061224489793
bce4a0b03dd7e2,0.5638297872340425
a5b90adef835b4,0.34375
dfa4e93edd888b,0.9642857142857142
b42c48ccfa37b5,0.14583333333333331
631b6d2f372993,0.5208333333333333
5ce8481a33c320,0.7021276595744681
1ac6db7be98ce1,0.12244897959183673
f4dcf9b6f9535e,0.26666666666666666
bc741342e78927,0.48888888888888893
20bbc2c9a41d1c,0.6071428571428571
03b02576b98cfa,1.0
e8be427e2f89c0,0.14285714285714285
ddd44bff22a222,0.40425531914893614
f5d960189e0fdb,0.8387096774193549
a858791aebb47e,0.4301075268817205
302f4e53952e33,0.4
06540a0ba29141,0.72
46d93eed49139a,0.0
6ff0815bb7fc4f,0.625
4e9a51f75e38d3,0.5
9ec5a731d3c156,0.10638297872340426
c9db86c51ee8fc,0.1276595744680851
6173b4cb6d502a,0.7741935483870969
98979adbf6aacc,0.9642857142857142
c5990d96427141,0.6666666666666667
b6ad41042b5dfc,0.8571428571428571
c4af18b5b3f983,0.8
2edc6c9150f2a1,0.0
cc5b6675b9ef9e,0.06382978723404255
3249ebf925f799,0.0
ada12fd0c5ecc6,0.5185185185185185
4ffce3e6611855,0.47916666666666663
1cbc14563aafe6,0.12244897959183673
1b2c0819f67d79,0.0
6a2877e9cad04c,1.0
d5012d9b77a575,0.3655913978494624
aad740f0ff6967,0.08
80d44fff78199c,0.9111111111111111
867b50986fa342,0.8125
84fe8386356f42,0.8723404255319148
3222a55ea87d27,0.14285714285714285
f52f9014378d9e,0.32978723404255317
4cd6c4f88ea4b5,0.39285714285714285
800e1a3fd2eb00,0.05376344086021506
3d74d97d3e53a1,0.7333333333333333
1617f3bbdba81f,0.7857142857142857
9345e75ff26843,0.46808510638297873
c9f447d7a2496d,0.92
10c1aa2cac8d1e,0.2
7785652dbd4a51,0.08333333333333333
cc137279ec16e7,0.2
b0674c461a00c7,0.3333333333333333
7e2c476e0629e9,0.65625
55cd0147607a3e,0.037037037037037035
bd762f49d81d0f,0.9285714285714285
c19d6b0f1285b7,0.5357142857142857
085eb9bdfd6d9e,0.3333333333333333
98743522813af3,0.32291666666666663
44ca3c95b5ec73,0.08
bbe00065541bf9,0.061224489795918366
a38bfa70a8878c,0.22222222222222224
84a4a0213989ce,0.9468085106382979
202718b07c261b,0.6041666666666666
b5efcd9dda3f03,0.68
67b60e23723a5b,0.5510204081632653
0e042a4b08b456,0.0
264f3e42df67da,0.68
5487f1d471e497,0.5714285714285714
11ddb52d4aea7d,0.17857142857142855
53c1dbb0f4d5d8,0.04
f488ee6044fa75,0.3191489361702128
ba539e97a1c593,0.08163265306122448
311df264ea783f,0.9583333333333333
a8175e5bf51800,0.8214285714285714
0dedc062e16b87,0.5102040816326531
20150347e3305f,0.3571428571428571
fb3dfb09e625ab,0.1702127659574468
290da451ef147c,0.18518518518518517
750f3a353abd27,0.71875
ee463e5bddd8af,0.14285714285714285
7f9d39979680b5,0.6444444444444445
1f242513c35838,0.038461538461538464
5af8e9a1b42830,0.9166666666666666
17b28cbae79f91,0.5102040816326531
77b275796b3036,0.5625
6db36df648a6bc,0.46428571428571425
4afa622e0fc2e3,0.6428571428571428
bfa7b8db42f08c,0.2962962962962963
97270d3de3dbf3,0.6170212765957447
43531ad6ff5c0e,0.8214285714285714
e6cb2eb0ec882a,0.5510204081632653
85b08bd3bcf3b0,0.10714285714285714
38a8ea513aa0e6,0.23076923076923078
0bbca8e32f7905,0.8928571428571428
a2f9495cb5bb7f,0.022222222222222223
305742471c19a5,0.3469387755102041
d34d45bb8c18b1,0.5333333333333333
bd9ce640000540,0.2692307692307693
c7850ea0c262e9,0.8979591836734693
1828a859181a08,0.14285714285714285
a60c276b508691,0.0
7e6d4f65baa6f8,0.9166666666666666
19bb51fac36df2,0.9893617021276595
62e6b62a25e9ba,0.10714285714285714
f8afe3cf448a9d,0.4081632653061224
c5c7ff644581e9,0.96
a6f71ca81bb8ae,0.90625
5efc6cdd31aaca,0.59375
939eb65ec9e748,0.0
f8d99fad7f17b4,0.16666666666666666
d1a3aad107e7d5,0.41666666666666663
9964ed5dd4e61f,0.9166666666666666
7f061344c5a64f,0.24489795918367346
0b57a520952426,0.1111111111111111
cb613797b8c2a8,0.04
0eca00e40b5842,0.30851063829787234
1ad37cbddc231f,0.7291666666666666
d8dbb217b3cc6f,0.125
be935e13c86e9d,0.0
2c4a22249da75f,0.26666666666666666
e8d9b5271ad7aa,0.88
16973a9df12c79,0.4375
c3e578dafe7bcf,0.4
15ad372cf4ec51,0.16
836ea07e8ba2b1,0.7755102040816326
c5b5f928bbfb25,0.061224489795918366
bd78026b7358a8,0.10714285714285714
c4dfa9e45a7201,0.25
2ae6b8a8a0df4b,0.3877551020408163
03bbf148b5faff,0.26595744680851063
852e47641d1fcb,0.4
33b260b3033eeb,0.9259259259259258
016f2fd032f772,0.8163265306122448
7b210d2f8503ac,0.4583333333333333
9f6d09b538a3d2,0.08
2348e3a4061ffb,0.9642857142857142
b820eaaed55d96,0.25
965b3ce0afad22,0.9361702127659575
1c7d3cd038f5eb,0.2857142857142857
858f9d0ef2b88c,0.9285714285714285
b162a7da6e3262,0.96875
80dcdc375d5a24,0.2
337c059de864ea,0.9642857142857142
c6f03e5297dde7,0.6276595744680851
15a9a912b937b7,0.24489795918367346
76231580ae7b12,0.04081632653061224
7ff188c421a468,0.9615384615384616
208ec84cbd32ce,0.07407407407407407
0b1167eb03021a,0.21428571428571427
b0cb39c636922e,0.46153846153846156
427e02659d49ea,0.5555555555555556
776463f2958d39,0.7692307692307693
94dd7263c1a424,1.0
b60d4e98c3708f,0.7659574468085106
84f66db536cd9f,0.4375
7b663c2ba9bff5,0.25925925925925924
a09713fdd192bf,0.40860215053763443
cddc1fb173ebf1,0.5208333333333333
fc487d2f3c766d,0.12
550a099674f66d,0.23655913978494625
2fd06814e678c9,0.9787234042553191
856a9e8f8ce6a2,0.0
0f1ef99dd86fba,0.6774193548387097
ac2fb2732ad477,0.061224489795918366
1c158344abf64c,0.4574468085106383
7ed638a83f74f8,0.0
de74c16d36faa0,0.9642857142857142
7c43ee4c209912,0.5106382978723404
bf885384af0a12,0.10638297872340426
5f69eceb814829,0.7333333333333333
6f4f8183ecea8a,0.96
194ead2da99f8f,0.8541666666666666
2e3cb93a352b22,0.2962962962962963
9356a2fb68b47c,0.07407407407407407
ae232e96a5cd4f,0.967741935483871
36ba5fe43676a2,0.5
20731b6be591a9,0.32258064516129037
c4d0c980a43355,0.851063829787234
d272fec21d9ddf,0.5520833333333333
abf8ade3663aeb,0.7857142857142857
8167e6917eaaff,0.92
889bb3efc18946,0.05319148936170213
d95dda89c82af1,0.13333333333333333
b3d07620009e22,0.07142857142857142
b07e2ff53ba809,0.17857142857142855
61f2f2a4a2ed33,0.9642857142857142
b477af62b92bef,0.23076923076923078
b3bd9fecdd527a,0.0
405dea5b762dd5,0.8125
badd604b44ae66,0.776595744680851
ce55a9dc3fc650,0.34408602150537637
c0b904a2744252,0.18367346938775508
2d680dac8a1a73,0.9555555555555556
42cbe8f92ac554,0.6595744680851063
0223658a30cd69,0.2708333333333333
8c4b4859be2463,0.2978723404255319
c74628a323c3c2,0.12244897959183673
81a7fa30959644,0.8846153846153847
b62f2b5eaa8e56,0.75
a39c23989e63d6,0.5851063829787234
62b7ea7e853421,0.6458333333333333
531375ba7291e5,0.28
95734c26a06371,0.5306122448979591
33db7bc69e48ce,0.0
457a58f0f90182,0.68
5fe79fb7731989,0.44
d6ea90d7ba4ff4,0.14285714285714285
bc9458ba2f1cc0,0.6326530612244897
01a2c530697a2b,0.0
c90904c3cb4f05,0.10714285714285714
f8cb0b210ccc83,0.23958333333333331
3b48df8950f6f7,0.07692307692307693
ef9c06a5264b86,0.7555555555555555
ceb7c89e959678,0.6296296296296295
7af63ce548fca3,0.6428571428571428
df2af2dff1fc47,0.2040816326530612
c947b67951f406,0.3877551020408163
5f77d3e4ed6808,0.7659574468085106
9695bea24cb1f1,0.7692307692307693
6f55f757d53826,0.7127659574468085
8b9fb7bcff09c6,0.0
ae5eb050c0a0f9,0.5714285714285714
e8f3f1f9717ad8,0.3214285714285714
5f90cadf35892b,0.3214285714285714
11f282faf9b82b,0.9333333333333333
b258d52259245c,0.2127659574468085
b9a7de2b149215,0.03571428571428571
4fc7be81b2bf65,0.14583333333333331
61587744740742,0.07142857142857142
173c9fb9f64832,0.02127659574468085
2d3a56b5584614,0.8461538461538463
bc57f05e2c811f,0.20833333333333331
44e1f4c86b1951,0.870967741935484
f174e747ad66a6,0.7916666666666666
29f13e2ec3da8c,0.24489795918367346
33efc9f07e7ffa,0.0
bf1868a7d1bcf2,0.07142857142857142
e6f0bfc4626164,0.22340425531914893
01a206cf35968e,0.7407407407407407
e2cf59ff50c4e2,0.2040816326530612
b819cb48a2d03f,0.28723404255319146
07682e1f2b3d4f,0.07291666666666666
3cc67d7b0de685,0.6808510638297872
2f90c60c2b501f,0.29166666666666663
83460aae8d1b98,0.15384615384615385
ac4cc89f909b10,0.25925925925925924
35b26ede3ec7ba,0.39285714285714285
1a419fe71e7393,0.061224489795918366
8abd864abf178a,0.3191489361702128
daf0f958fbac1e,0.76
2c78bfc41043b0,0.24
8c2c06e1331801,0.9387755102040816
ee609339a5f2c3,0.25
a277e752317e2d,0.8191489361702128
3581230629f48b,0.88
df8fbc371c1d0c,0.5
6fef1eb8858a7f,0.7311827956989247
cc3055e88aca6f,0.84
5a9c9d65d7fbe2,0.0
1ac3fcdfe3b195,0.9791666666666666
eff2b908204251,0.6
f0730991095251,0.07142857142857142
e48b6e7e4d4a3b,0.7755102040816326
352e5ca0a0b3c5,0.19230769230769232
43b813b8897876,0.5268817204301076
34c0dd626dffeb,0.3877551020408163
ba47b2c549efe3,0.0
2048dad7e515bc,0.6122448979591836
4793b87b92870e,0.14285714285714285
57b6ce894a7384,0.8
80c62469eb079d,0.8404255319148936
9d9f7a042da07c,0.020833333333333332
620bb2b18dab69,0.42857142857142855
710443a4b0cd7b,0.4
7bbb6d06ef9783,0.6923076923076923
ce9bc2afbb7136,0.75
188387bed3ef3d,0.3333333333333333
c0dc688dcbdb6b,0.7021276595744681
16bfc48523ab90,0.9591836734693877
f7b3ac149aeb3a,0.0851063829787234
70f98424283be5,0.14285714285714285
0a8331d8b2faae,0.7777777777777777
16ecbe6ed80daf,0.02040816326530612
2abf2b7d49039e,0.5714285714285714
e0d0dc42e5e200,0.061224489795918366
e8fe54938d51a8,0.26530612244897955
e7970b2e8b3cbc,0.6428571428571428
3baea41191a954,0.3723404255319149
3680cfda87e585,0.8928571428571428
241042040ed1c0,0.13333333333333333
c8e864418ad152,0.0
41720f331fe947,0.5
8f1004adaae04d,0.30851063829787234
07e6bae030ae4f,0.888888888888889
43c9d384ad78e1,0.42857142857142855
7d1851cbe4475b,0.39285714285714285
7aa59e2b7a6ae0,0.5208333333333333
e8485424720eb1,0.8571428571428571
fb4264ba2303c3,0.08
2f5f63fb7bdab2,0.5744680851063829
24458df04f1c38,0.5357142857142857
88837a3b53c92c,0.39285714285714285
e547558ddf3a81,0.46875
ad7e3e6e9078b2,0.0
0cb4a0e028c874,0.48936170212765956
667c9c883ee888,0.0
d3139567ef8a6c,0.7037037037037037
29a3793f3fd790,0.7755102040816326
80b759e72cb5f9,0.8333333333333333
bf1919b0f5219f,0.9777777777777779
3b76be8f0ce21e,0.36734693877551017
e3248d8c1dfd64,0.3333333333333333
d2f58b3d51d51c,0.08163265306122448
c8a9b32953a0a5,0.14285714285714285
28179344ae35e4,0.46428571428571425
8dcd5b84b4d7e3,0.22448979591836732
6590a81aaff5b1,0.21428571428571427
ac1e75d229f6c7,0.11111111111111112
712fa21bbaa249,0.9285714285714285
4bce83e9910560,0.8541666666666666
41838b2c255ab9,0.0
1eecedea8c65f9,0.8936170212765957
cf47f125e28e91,0.25806451612903225
f2df6033824dce,0.0851063829787234
f6817a49afd92d,1.0
b95b5dc46dae3f,0.6041666666666666
e2629a16cbcd02,0.03571428571428571
fc980345883116,0.5357142857142857
0a1460470adfd3,0.5714285714285714
0107bd4ac1245e,0.14285714285714285
199e09842a2c56,0.03571428571428571
98fce55cc45bfd,0.9375
6c93541098d5ac,0.673469387755102
812a2d5c0321da,0.8076923076923077
413f8a136a51af,0.39285714285714285
f401ed11314ba6,0.17857142857142855
7be51ffd26075f,0.4666666666666667
f099780a7e60b1,0.5555555555555556
d489e8ece76063,0.0
3a9177921ffca5,0.4666666666666667
e0eff1f442c2eb,1.0
f8e89b191a72ff,0.2553191489361702
6cf2ada733c649,0.24444444444444446
e96051f9e3d0de,0.7659574468085106
b91fe961a826d7,0.05319148936170213
017380b66a23df,0.26666666666666666
612da45d58cd26,0.6666666666666666
5a510ac3e2b632,0.04
32c20aba82b5d2,0.4148936170212766
39d1cbba20ed10,0.4444444444444444
f19fddaccacfca,0.42857142857142855
ceb0f2f6dbbafa,0.21428571428571427
21417b175fbe46,0.0
0e5294fb3fd9db,0.3214285714285714
12a72260007053,0.6
4f242099442d97,0.8461538461538463
7cde67aefed779,0.9183673469387754
1d35056784380a,0.36
665b63767f4806,0.05319148936170213
817c44ba0960af,0.8076923076923077
d4d308f7260505,1.0
1b9fad8ef81a16,0.47916666666666663
76500d77fb484a,0.7872340425531915
a90c4db43550b7,0.7916666666666666
530bddf48d238d,0.7916666666666666
b77d14a3f230d3,0.5744680851063829
924375dd5939be,0.3214285714285714
fadb85a648a724,0.5591397849462366
5e6b57ef2a6d01,0.75
3bf44a02423c23,0.22916666666666666
8b30c14ed14ff5,0.03571428571428571
da13f8dd129efc,0.48936170212765956
6fdf154f9760cb,0.09574468085106383
18c5b482cd4d34,1.0
2bac4f808927b0,0.46428571428571425
34ff862bd184f5,0.0
8743a9b02ff7ea,0.8214285714285714
406cac5d8f7d39,0.020833333333333332
c2e62de558ef22,0.043010752688172046
a2af3069f3156a,0.5714285714285714
fd5f8903fd314c,1.0
cee250d5d69bd1,0.6
4fb9f26a23b143,0.125
4ef91c3ef4be1e,0.9387755102040816
610c8eed13e834,0.9791666666666666
fdcf78d13e46e7,0.2857142857142857
410e4bfd2aee1b,0.1276595744680851
d545f743e8226b,0.23076923076923078
d6aca8f58c8154,0.7956989247311829
c76be6bef7dbbd,0.8
5ee8bf6e336521,0.28
35d8070cc757b1,0.65625
d4a586caa723c1,0.06382978723404255
4ab2a7c9e37d3a,0.39285714285714285
211c1479f51292,0.96
a5e0d9e713b9b1,0.8076923076923077
ee938fa9aba06c,0.0
b9e0b40670b305,0.26666666666666666
39eff174bf20d0,0.32
d455bd5fb00205,0.72
f76db2a1b3a66f,0.88
8bfb978d90f317,0.0
41f06c1a43db7f,0.2
161c849efe0cff,0.41935483870967744
f09396daee96be,0.4081632653061224
d7dba89be84fb9,0.8979591836734693
94724bf4657a24,0.2127659574468085
96a401be8ee082,0.06451612903225806
8f0862588037ee,0.17857142857142855
e59cb131cb5edc,0.13829787234042554
a565398f2d20a0,0.84
af49432cab07fb,0.7142857142857142
1909fa87ac8174,0.6559139784946237
b85565084bbc3e,0.2708333333333333
11a2593f4273d5,0.21428571428571427
0593ffdfb0837f,0.41666666666666663
06863f3807ecbd,0.9795918367346939
a8a30f597223e1,0.6808510638297872
dcc9b7a4a95e5d,0.05208333333333333
4662ec8999b3f6,0.7234042553191489
d1428125311d42,0.6785714285714285
fb280f7475ac41,0.5925925925925926
7119a72da474b2,0.8085106382978723
6b86f0941a3620,0.5714285714285714
4276eabb66eb5c,0.46428571428571425
037a2423f9a0ef,0.75
d0bb267399cfe7,0.0
fb589af7b9816c,0.35555555555555557
97de0a26bd8232,0.42857142857142855
c1f3bdfdc1d431,0.4583333333333333
8605376bcfbc61,0.07142857142857142
b0c2c74f0e9a1c,0.16
4eaab47e8a24f1,0.36734693877551017
64727586def97d,0.020833333333333332
fca78d36d00c0f,0.7083333333333333
de1c170a4a64c9,0.56
ed044b59705d24,0.39285714285714285
4bb3fe2871f3ac,0.9615384615384616
bf5eb818f876b4,0.16
9fcc4aa97f4346,0.0
50dedc2ad2556b,0.044444444444444446
365e34be2db9ee,0.11538461538461539
e652ea4ac045fb,0.24
79dfecb6cb89d1,0.42857142857142855
1cddd4310938ce,0.11538461538461539
3d473a626d618a,0.24489795918367346
601c1bce37ddfa,0.44
2786b41dc771d8,0.8571428571428571
24be76f9f9d0bb,0.6071428571428571
0d0fa138a310b5,0.0
29ffaff5c2c0b3,1.0
9c8651408ef9ed,0.56
8a866873f698ef,0.2857142857142857
ccbac099ffe0da,0.08
71c765cf482e08,0.6382978723404256
5bd415e4de7981,0.5957446808510638
234e17350a5f26,0.7096774193548387
b24a9e88f236fa,0.16666666666666666
686b771935f52c,0.0
a7634c3e7ae051,0.4148936170212766
d8482c0119a8e8,0.06666666666666667
122683b05f58b7,0.8085106382978723
35ee84d2e199e8,0.8020833333333333
06c44827e5b830,0.92
ba85e61cd07290,0.18085106382978722
a5d94fa6388b5e,0.6938775510204082
c3fb206b515f55,0.7446808510638298
45814d35f9b8da,0.89247311827957
c2d791a8d2d8fa,0.1595744680851064
ca1484489b910f,0.037037037037037035
5b81548daee7b1,0.6538461538461539
59c2b44f1b540a,0.36
40c5d24ab559c7,0.1595744680851064
8d7bcc7c9635b3,0.6666666666666667
62829d29496403,0.25925925925925924
d52e33b2c0f7a7,0.8
2581ec6dbc5e35,0.8172043010752689
7d71dfe6716dd7,0.8297872340425532
ffbc67c0d714a5,0.0
f1b5f1878fabeb,0.16
6d8b10c914fb65,0.2978723404255319
00b0d337d15e24,0.041666666666666664
30c3826281c672,0.04
e63a2f4307cd01,0.8444444444444444
df9354ad1e4d8e,0.11827956989247312
d068ad23fc8e11,0.46153846153846156
8796cf098d2235,0.23404255319148937
db4ee7a61dad89,0.2857142857142857
ab82144a1a1fd2,0.0
dbbc3ebb6b532b,0.16
fa6abadaf91e34,0.8571428571428571
56e6737b9a7d65,0.5333333333333333
aef6ee366539fb,0.6595744680851063
9c98d33fe23c21,0.5212765957446809
35512ec5f173f2,0.5698924731182796
36f3c7ea9587df,0.56
59c6c5fdea5155,0.1111111111111111
b0e106691b7793,0.0
1e8c014d122bb0,0.16
f0cd69845eedfd,0.9642857142857142
22ff939b170aa0,0.46428571428571425
72c415c05fdaa4,0.8775510204081632
91ca635fc23a77,0.56
99b86d64033601,0.5483870967741936
659c619e0d3095,0.10714285714285714
b9989c7e2f6669,0.56
327362e9135940,0.76
31945b20d43ffd,0.6666666666666666
7638e09d457ce0,0.08163265306122448
178d6ccba5aac0,0.34615384615384615
2c9b8dc1a148d9,0.4787234042553191
540154c7f23fe2,0.6785714285714285
d23ca7f73ee0cf,0.8125
67d880e15cfd16,0.0
674f20cf08963b,0.21428571428571427
a97e6d5b9cf164,0.6938775510204082
f8c912c0365aa8,0.52
14377c6ff124fb,0.8333333333333333
01e68f3997686c,0.40625
e726335bb13872,0.4444444444444444
9b7ac196ced12b,0.07142857142857142
0239e7011864cb,0.9583333333333333
d0c7802078431d,0.8163265306122448
5cbfd8f82705eb,0.037037037037037035
fa9c632711fdea,0.15384615384615385
a7fac0698c5d9a,0.2692307692307693
8d62acfa775d10,0.02127659574468085
50b43651a45b00,0.4693877551020408
52c332307ad330,0.6666666666666666
a5c15f7e2d3dc6,0.3723404255319149
fabea9bbc3ede2,0.09574468085106383
5f899219ff37f7,0.9285714285714285
bee35ce9305caf,0.14285714285714285
16547bd0d19f1f,0.041666666666666664
f0e66fde69f55a,0.0
5b53268bb83647,0.9999999999999999
c723566214753e,0.25
025cc7d5607b49,0.0
1251080a0e9fcd,0.6071428571428571
2053f6d0aef410,0.2978723404255319
4cde37a1f930b2,0.3571428571428571
ae507458ab4f93,0.6666666666666666
0885a3d313f674,0.24
dcf6b4dcebfda8,0.7872340425531915
be99313b4500b5,0.5625
50f94f69631ddd,0.8958333333333333
0fe609d82d3a76,0.19354838709677422
d60fc6d66d37af,0.5306122448979591
324e09bcc30511,0.5384615384615385
469c395090544b,0.04
bd23832a109afc,0.038461538461538464
97cf066f7b20e6,0.32
31da967a565a93,0.9375
089387742adc93,0.4375
9fbdd04f1cb04c,0.16666666666666666
e4066c3ba13497,0.08333333333333333
1793af1e330dd1,0.46428571428571425
7abf6ff41ed7ec,0.48148148148148145
c8ac7717be3514,0.9361702127659575
97e2c4b734404a,0.6702127659574468
94b7ea3e183c18,0.7978723404255319
cb5ea28c2de1bd,0.5357142857142857
3d286ac3647fd8,0.3829787234042553
9a45230fcc9e64,0.625
3e7373944a1576,0.3020833333333333
ad48f5a28879a8,0.0
c9e17f43d4e02e,0.4222222222222222
201adb24cf09c7,0.0
f8b949ce3b81c2,0.12
4736baa12cc95f,0.010416666666666666
acff6e6ac5ec53,0.75
10516ec95e4285,0.9166666666666666
5a88215e142db9,0.3571428571428571
de94b8ddc50d36,1.0
0a87b985d5f0d0,0.5319148936170213
f7f868d1c2c810,0.7142857142857142
60bc42dd53a805,0.09677419354838711
1c625daf6ab73f,0.9270833333333333
cbeb6269abd0f6,0.6153846153846154
f446640b463c35,0.6785714285714285
f3b8ebf3da1445,0.6458333333333333
8f5ec61714e2a2,0.0
c7f293f58c5541,0.26666666666666666
c81180417a4088,0.21428571428571427
1bc8d608a99630,0.9148936170212766
214887df5924b2,0.7333333333333334
12c0adc8113488,0.5925925925925926
92be6e5cd05600,0.9642857142857142
0605c6b5489165,0.8775510204081632
264cebc591b273,0.6071428571428571
4dac9dc11a7093,0.9583333333333333
4c384a787e45c3,0.08
1216e5980fa85e,0.8928571428571428
1f11b4f49cc64c,0.37037037037037035
f43bbdd63affb8,0.7857142857142857
958562a384a405,0.84
17921b2a003053,1.0
c80f5220c7933f,0.903225806451613
3f38f7f6756107,0.7142857142857142
40580a334f1da1,0.8518518518518519
3eb33005953301,0.14285714285714285
80186009f5936b,1.0
f078735505ab14,0.36
9c75cd0c917947,0.6296296296296295
36f81fb5bf8796,0.4444444444444444
bf14d759ef0794,0.6326530612244897
adccc994f1e00f,0.3125
8a3b76d8099918,0.39285714285714285
db2f7e6304e16e,0.5106382978723404
8e4c2ba576c564,0.4574468085106383
449507196fcdfb,0.2962962962962963
e3319e9b8d6e9c,0.03571428571428571
187f52e923029a,0.09375
44a961b05599c9,0.25
38b34212725146,0.10638297872340426
ad3b1935e396cf,0.40425531914893614
0a8d7aa6dd0e4a,0.5319148936170213
683114065fe79d,0.9791666666666666
aaf2a368033125,0.7142857142857142
b4a8f75a196c29,0.4361702127659574
47e08f1e7e43e9,0.9784946236559141
7b87e5db1f57de,0.956989247311828
294955c43974a4,0.3333333333333333
e6017d86223b5a,0.34615384615384615
6b9c20a72fb5e5,0.9574468085106382
5b3a6e1ddaa600,0.0
45a00ab4adcc24,0.2708333333333333
38c645d350ec38,0.07446808510638298
9a1fd331398716,0.6785714285714285
a3f39dd559b7be,0.28
d0f40571d7ee89,0.21428571428571427
9fe12ab2c98369,0.6888888888888889
76239be126b7bf,0.35416666666666663
826dfb4254a51a,0.7777777777777777
a47ecd1a45a72e,0.9642857142857142
d707e8f530f5b1,0.14285714285714285
7e1a6331e5d24f,0.9285714285714285
e33022d9f383bd,0.35106382978723405
df325edf051f1c,0.26041666666666663
db3ccb7969583c,0.03571428571428571
0fa54a61b0c764,0.14285714285714285
c1cd9b97ca8dbb,0.5319148936170213
c8a650cafe036a,0.10638297872340426
25eb9c52bbb7c4,0.0
3216fcc4a9c46e,0.38461538461538464
eba4eb22edf3a2,0.02040816326530612
5154b5f6808047,0.21428571428571427
a800dbd2c8cfc7,0.05319148936170213
655409c87441f9,0.20212765957446807
69f57cbbfe0c5a,0.25
929a21ec67a8b9,0.35416666666666663
a2d6a58ad55e7b,0.9230769230769231
eb0b745b7c6296,0.8541666666666666
7b4971a953e064,0.0
61937b72863f0e,0.6938775510204082
e6ffadf31b86d3,0.8854166666666666
14737dc9cde277,0.52
68aa7e87afb80d,0.9285714285714285
47b4bce14b4d81,0.6
0406567c03c9c7,0.4666666666666667
45563b0a990643,0.7857142857142857
e3cfb4e61ed1f8,0.17857142857142855
997145f89a7d85,0.0
5d7d6768b7a940,0.2708333333333333
6cc95eb4ee6192,0.46428571428571425
3562f7d19c1c10,0.2888888888888889
baf05a357ec879,0.0
a5e42c3f50de94,0.8888888888888888
c63e5ac6398da8,1.0
6f0fc0a4a16ad7,0.8571428571428571
5c77bc7b1dc7e6,0.9333333333333333
c875b7ade47bcc,0.3877551020408163
b3a4675dd8ceb6,0.7916666666666666
4ae9692a9c651a,0.0625
42b28012f4c574,0.9642857142857142
927866847842b0,0.0
7475e72378a3a6,0.12
b319db21db1f6c,0.3333333333333333
69fada4b012dfd,0.8214285714285714
586cbc664d10d3,0.7346938775510203
f07963558f328e,0.2
ce894cb6019741,0.3214285714285714
8ecdb0cf5110ad,0.38461538461538464
6f4a1e3fe5f2e2,0.6530612244897959
1a526bd79038a7,0.32978723404255317
c4281d3997ada4,0.15384615384615385
8d0c969ec67982,0.7142857142857142
7c79c7c1d111b7,0.2
6ff72ea7f2cb01,0.8928571428571428
898e4c1b07e873,0.15625
8d3a53616f0dac,0.576923076923077
3b009b0ea2ae99,0.8297872340425532
e46f51394e444e,0.5555555555555556
97f4e36b6d24c0,0.10638297872340426
354c6c0f5f4302,0.36
affdc2a365b5c6,0.8125
9547670245a136,0.37777777777777777
784691ed793322,0.1276595744680851
a521cc21517294,0.14285714285714285
684e89db70a507,0.7142857142857142
0923296e3dc676,0.0
487058195834c8,0.5416666666666666
ce90a97e3d83fe,0.42857142857142855
c3e4e389c6f86b,0.8571428571428571
f33386c90b7480,0.35106382978723405
1e2b952e0da6a1,0.3404255319148936
545b69f89cb43a,0.64
909d98cf80d41a,0.6451612903225807
cb939a7bdc2be4,0.23076923076923078
3bc76a93db65a5,0.24
dd5ae67f6badcd,0.6071428571428571
574eff0999850d,0.8444444444444444
7b1acb9e603dd5,0.07692307692307693
54539fe88eb3ab,0.32653061224489793
cee91a8f345c38,0.4583333333333333
192c203474ed68,0.5744680851063829
cf8894edd58e3e,0.5212765957446809
bad9b6c67e65c6,0.24444444444444446
24c394022f652e,0.9387755102040816
e9aaa33bd1f721,1.0
f93a66a427f534,0.22448979591836732
0fde92e181cbbf,0.9148936170212766
a27132e52cf91f,0.2978723404255319
c2f71ece0328d9,0.7872340425531915
7a6dc504ba7d01,0.5625
45bc1dc864b6bd,1.0
104231d8bd43a5,0.5714285714285714
dfdd299b2b75ba,0.17857142857142855
debbc493e7e611,0.36734693877551017
0866a1fab49838,0.6875
8cdb6f44a18039,0.12
74d06eee9085ca,0.425531914893617
95b4afdb901aeb,0.6785714285714285
0b70dc101cbd69,0.44
3457744a2ed4f0,0.03571428571428571
5bc4618a9d08e3,0.8888888888888888
870d5b5ed62458,0.5376344086021506
11556c4460da75,0.52
694437db87425b,0.7307692307692308
4e4ea85eb4978f,0.2857142857142857
5bed0b32ffb690,0.56
e8230179cb5529,0.2040816326530612
9985d24d4ddfd9,0.2040816326530612
ce86843443622f,0.9892473118279571
af6b6b0ecb2a22,0.4081632653061224
a91f787867cf9c,0.2857142857142857
6ae28abafa3bdc,0.0
962062105eff9a,1.0
49b83ac092592d,0.5714285714285714
75dfc475860c00,0.64
0b80bf6b81a411,1.0
e8a57839125776,0.625
f1011cc1e73495,0.07142857142857142
2cf1dfcf08bc66,0.11702127659574468
29d5238fe30dc7,0.6170212765957447
5060e31811f7ab,0.07526881720430108
6870fb4b8db39b,0.7959183673469387
6685e44b64fa04,1.0
b3320a4835fa3d,0.8404255319148936
33023dfd68b6d8,0.9591836734693877
f11bed0c31b2b7,0.19148936170212766
6f8951d75342ba,0.4731182795698925
0ed2781f6f9be3,0.7708333333333333
ab2536ad54b6bf,0.2222222222222222
569ed552c1b68e,0.42857142857142855
4fb8077047782b,0.2888888888888889
3766fa0b0cc359,0.375
dd87e3b8532456,0.0
961628103274bb,0.2553191489361702
ef46ece7f1ebea,0.5714285714285714
c54e99d76e1402,0.21428571428571427
9ed6fa828d6109,0.48148148148148145
a9a90a17ce8043,0.5625
06447dd5804b20,0.7291666666666666
3fd1722c4ea390,0.6021505376344086
3612a99a575496,0.0425531914893617
7c6fe8a4cf078e,0.8333333333333333
408a03ecf98a18,0.10638297872340426
2207e41c6528e4,0.20212765957446807
bbe7b4e6a326c9,0.9787234042553191
2f3a5c77731101,0.0
352c2e4eeb3dc6,0.4693877551020408
672850976e1ab5,0.925531914893617
68cc996a7c5120,0.9629629629629629
adc5f1ab990653,0.5531914893617021
6d0fd184b206aa,0.25
ca091a4d39cf0a,0.36734693877551017
b739c795c21bcd,0.2708333333333333
2daf64b5116bed,0.36170212765957444
1042be9a527a35,0.8571428571428571
f71456b1beca3b,0.8333333333333333
2e285e67b8cdfa,0.48148148148148145
b041c80801caf9,0.32
d8c8e7efd898e1,0.3214285714285714
09d19c45440618,0.34615384615384615
2d2866203684f9,0.3214285714285714
157c0a41bac00a,0.40425531914893614
0d2bd33f040a99,0.7083333333333333
a5ee7cf7d4c819,0.16
be30d4a6bdcb23,0.7234042553191489
01b48131da9c61,0.8
1b38c6139ef0cb,0.17857142857142855
d713359b93e333,0.8723404255319148
0d05dc93bde431,0.0625
14fdae3ece00d2,0.7021276595744681
4d2f58d72f3d61,0.26666666666666666
16a9e1e4392b91,0.18367346938775508
65a3651e3263a8,0.7777777777777778
171979cfe8aebe,0.9642857142857142
6a4d38285bb3a7,0.42857142857142855
db564203bbaf17,0.5357142857142857
c0e015d2a23130,0.11538461538461539
5093c8f94d1acf,0.4074074074074074
8af646a18cb4b6,0.8076923076923077
3d1c22fe8d1932,0.7333333333333334
7801f4a662bc64,0.19148936170212766
276828c45d1b38,0.3214285714285714
4308efe7cb8fc0,0.5531914893617021
0b61000dc1fe05,0.06666666666666667
5e5a3ca3fd2175,0.8666666666666667
77cd97b421dd11,1.0
4f0a04fa51ba5c,0.1702127659574468
8157cea8a1652e,0.6785714285714285
599b2871010ab0,0.3214285714285714
1a382d6e5a98bd,0.2857142857142857
8d7c553f249ebf,0.0
54cd4bf7d1c0de,0.12
15c599a019941b,0.08333333333333333
c1886e94e49f06,0.84
1d10e83c117e82,1.0
1f6d77c48e2ed5,0.04
6cebbebfcb0f0c,0.04
f548d117186130,0.7142857142857142
a50dafc726037c,0.037037037037037035
1bdf03327e218d,0.37777777777777777
3f3685f4e6d901,0.3958333333333333
541434561636cb,0.6595744680851063
fd7324c6428295,0.8214285714285714
073fa26e21c45c,0.0
ad7513978501df,0.851063829787234
e531f9e45ca869,0.22448979591836732
8299c9c2b1ff99,0.1020408163265306
dbed320b09d4ae,0.8571428571428571
b7dd01b75022d8,0.888888888888889
d807f14b79d747,0.76
8955002b3f7c49,0.010752688172043012
62fdc0f4d98a50,0.52
f4c7e43da5bf6a,0.6881720430107527
18c9087f92749f,0.7291666666666666
be2cbbc34800f8,0.4666666666666667
4306582d0630e5,0.6428571428571428
e905bd89050b26,0.6428571428571428
a9fcb51eb3a60c,0.7037037037037037
9bcb2359a4c47a,0.375
40eb46866f7770,0.125
43a5d6d81470a8,0.17857142857142855
b20022449cf244,0.56
86bdbc2e3024d8,0.16
10416c3697ae63,0.9230769230769231
3713dc70f2e78e,0.40425531914893614
0261a63f94130b,0.2857142857142857
c216e1b64eb93f,0.2765957446808511
8494d12cae90fc,0.5208333333333333
d06c70fb894b57,0.07692307692307693
fb908aeff5518c,0.0625
cb5bd5a07812fa,0.21875
e38f430ffb765d,0.3214285714285714
45da58a5c21515,0.20833333333333331
12b7fb4afe09ec,0.14285714285714285
822acee424ff10,0.3469387755102041
9148310ad9479f,0.0
e804ec41e20323,0.6938775510204082
3d1b9ea69ddb0a,0.11111111111111112
74a3645a016b09,0.7708333333333333
31bd54cfa6c6d5,0.46428571428571425
bf29919341099c,0.021505376344086023
510d0fb15edae7,0.022222222222222223
f413cdf2c631a1,0.9166666666666666
97db2c458d92cd,0.2
56d7c5fb869dd2,0.1875
b5a9c5a2abe738,0.0
ba67fff445e9fb,0.07142857142857142
82c14eb5d81500,0.36734693877551017
acbacff745e779,0.6458333333333333
da3088934471a1,0.6785714285714285
57a579e76c3d11,0.8928571428571428
77c801918b10eb,0.7407407407407407
4aaf27f18fdd7f,0.8571428571428571
13625f2ca22278,0.875
2546dfd8d85078,0.06666666666666667
c1ab07bdc3d7f5,0.9333333333333333
3c8266cc6e924f,0.2857142857142857
ff0d60be48d8f5,0.33333333333333337
5939dc7fafe3a6,0.8723404255319148
d234c0aa7275aa,0.2
d6c815802a8a40,0.46428571428571425
d028369b217e20,0.25
b8952f06226362,0.8928571428571428
019092939e838c,0.36
97ccb810b9fa99,0.9333333333333333
0aaf047348e518,0.2553191489361702
6e44de8d9b51f9,0.9777777777777779
ed1c621024a107,0.3214285714285714
3ea1a6b7fcc56e,0.6428571428571428
0c1ee02131f28f,0.8928571428571428
3942681c3e2894,0.10714285714285714
44ee707f423748,0.04081632653061224
2402e01cd2b020,0.44897959183673464
b506139978652d,0.8191489361702128
ce6127466b7460,0.0851063829787234
5700317238e1fc,0.913978494623656
b728c7d01087f4,0.37634408602150543
888d69ee70a019,0.3333333333333333
1735c3bbd2d227,0.36734693877551017
2477b341e3aeb4,0.6041666666666666
a184b515cac6bc,0.16129032258064518
89bb21b3fd4b40,0.0
61940b9c26f7bc,0.84
f1ce08f66b8c40,0.3111111111111111
f47f5fd106612d,1.0
a217e42ed4134b,0.24
be0f3828871703,0.6538461538461539
cc11fb14dc14c8,0.8229166666666666
4b3b1881d10a2a,0.48
7579f73a181e00,0.8617021276595744
e5ce0f382e584e,0.5833333333333333
511a576d98483e,0.5416666666666666
3c02f20fa85f46,0.0
1e409d49f73223,0.92
02981d9b52e33b,0.03125
9bb32c174ddd89,0.8571428571428571
4c492b814cdbaa,0.7446808510638298
072a4a4801daf0,0.10714285714285714
a7a099240ebab4,0.2
f31b1e2e5ea844,0.53125
879148f0ba0d1c,0.9574468085106382
56027c60f500db,0.8666666666666667
7f19ae3ba6d396,0.2857142857142857
95db167a3de8b8,0.425531914893617
d5a14ce6c5df52,0.8
0cdb800d12e475,0.7604166666666666
799d1f2ab5ed26,0.03571428571428571
428fcfc4cb9c96,0.8297872340425532
125c2b8d42850d,0.03571428571428571
64445b9ea42701,0.7291666666666666
8a355632f18124,0.25
5f3e932d1b7d42,0.1020408163265306
2729b9e0d32d41,0.8928571428571428
2d04470ec27b0c,0.7959183673469387
35c0e4788fd76d,0.6382978723404256
3d9f5e6df64392,0.29166666666666663
bf1ad06711892f,0.76
4cf5ea69901638,0.8645833333333333
72675e42c0024b,0.2688172043010753
a55000dfddac1f,0.875
ebe669cd97d3ce,0.42857142857142855
9514664edf72df,0.36170212765957444
e6de24cf762647,0.14285714285714285
3fd09412276dc0,0.4787234042553191
6e8f6d00bff694,0.7346938775510203
2f1b17d0f7922a,1.0
c0b83c42edffde,0.3076923076923077
7c50352b36a9bd,0.7551020408163265
b5fedf37f72292,0.75
cbe086553ba6cc,0.9285714285714285
07e38532e8ef80,0.7857142857142857
159ebdec9b96dd,0.8846153846153847
2a8d49072121cf,0.8846153846153847
6a194b2e8290e2,0.2
88038ee7ed56e1,0.4375
b678cd420167f7,0.5104166666666666
e7e03047c5394e,0.02040816326530612
e3f3ee09930f3e,0.6458333333333333
f9c283351cb684,0.68
a3fa2764ecc1af,0.03571428571428571
d32984494bd1a9,0.8541666666666666
0485dd9c03f919,0.14285714285714285
84a3840ac392cd,1.0
0a7aeaab3e7e10,0.3118279569892473
f468bb813fbb02,0.8936170212765957
08672d42b12fde,0.5416666666666666
4809e0ef84d451,0.8936170212765957
0d667f046d2112,0.2
e2d6df9a252fe1,0.7916666666666666
833c1660ebeb7d,0.39361702127659576
303e51edb3229f,0.64
c3b9c0cdc1c902,0.5053763440860215
b4aab6639a44a5,0.881720430107527
cd57632e5097b4,0.2857142857142857
90bcf0b40e78ac,0.6530612244897959
d60309646662e8,0.38541666666666663
f6b776816cc572,0.9893617021276595
9a84a20f956c52,0.0
c2625f07d5e289,0.8958333333333333
52267c7b15e4b3,0.3214285714285714
0eb2d1d005eae7,0.037037037037037035
93d555d004965c,0.5918367346938775
d46548ecb848a9,0.07142857142857142
582b86a0425c69,0.8775510204081632
8485ee38f4abb6,0.5357142857142857
440a85dd753ce3,0.4838709677419355
85c1d456f76e6d,0.4
ca1cd8cbb88022,0.14285714285714285
1ad01748f2f254,0.7142857142857142
56ee4ac01b029c,0.07142857142857142
f25409ce92c3a2,0.42857142857142855
ec0b90b7e59891,0.19148936170212766
fed3f2c696a1bf,0.3571428571428571
60e4c4ed225835,0.0
4e058be87e2ba4,0.8214285714285714
be89b9d3cd4f38,0.6428571428571428
bdb68a33b14cd6,0.36
5fe9e1499e857b,0.7857142857142857
99c39d020c5dec,0.02127659574468085
fb1f52728e5e1d,0.6666666666666666
8175861196dae6,0.4583333333333333
51feda27842682,0.8461538461538463
05b2a68dc51fdf,0.924731182795699
accd25a0d9f2cb,0.44680851063829785
039c75e847234d,0.21428571428571427
80417bdf4d1c41,0.04
73721af95ee3d9,0.25
c5e1828fddb7d3,0.7551020408163265
971c90a5e00a2e,0.7395833333333333
24a2698268c530,0.6666666666666666
b379f2f8ff0018,0.4270833333333333
948d4012d0dddc,0.7857142857142857
57cbbff4b57056,0.5925925925925926
ff854aa914f1e2,0.2962962962962963
4bf196fd1cfd20,0.32653061224489793
d20631ee1cf963,0.5913978494623656
6d43cf54d83563,0.9791666666666666
ae6ba582ef1b2b,0.06666666666666667
ac78070709718f,0.42307692307692313
b40103c735d85f,0.0851063829787234
605a5e5feb1f61,0.3645833333333333
d2e610569215ff,0.78125
850a0dc06e569d,0.17857142857142855
4b5fffa705603f,0.8125
5a1721eee78f3c,0.0
1aa2f59ace518d,0.9183673469387754
487c637a4c7f8c,0.5384615384615385
82645fe1211cdc,1.0
e072d89f20684c,0.2857142857142857
e2c8767e42ac0a,0.9629629629629629
435133519ead3d,0.3958333333333333
191606d852e964,0.9795918367346939
f643daeaa04013,0.14893617021276595
ed5287d4ecda1d,0.6785714285714285
8c7b38493809e5,0.07692307692307693
470f6b0ff94b8e,0.0
67f4956230820c,0.02127659574468085
b64a2452f0dfa7,0.9795918367346939
1c42ecfb0076e9,0.5833333333333333
484e5201fde3e7,0.7978723404255319
ffa533b5c8ac6a,0.9642857142857142
3a62acea69bcfe,0.6382978723404256
98a71ab4014998,0.3061224489795918
7145825095e151,0.08
62283e6c055b25,0.7407407407407407
b8330ba3380c4e,0.6914893617021276
41e16dbfab509d,0.8846153846153847
04a217e4bc0021,0.7142857142857142
1a6020b02f8f83,0.2857142857142857
a932a5447ef33a,0.6595744680851063
56b8027dd12b14,0.8494623655913979
f5131001866823,0.8
e194ce5d39df74,0.7234042553191489
f5b7103d7d2789,0.576923076923077
22800843223c1b,0.26666666666666666
d94c7db302d257,0.3333333333333333
f2142adbef4111,0.0
a99e3c9de4afa8,0.16
504133f505160e,0.42857142857142855
9b540a380fe954,0.6914893617021276
ea5fa84de786be,0.5425531914893617
071e815edd7391,0.76
a48313e3f9629b,0.3571428571428571
62dca3cc4d3c34,0.9479166666666666
df9c654fdffaa0,0.2127659574468085
fb8ac63ee9d05d,0.6875
fb88400ccb46c4,0.022222222222222223
633fe9fcc140f5,0.5319148936170213
c037e91fcd4f10,0.7634408602150539
943bc2107a7226,0.6071428571428571
c8f09c6892a262,0.24
563933c613d667,0.7142857142857142
af89f18826b750,0.3958333333333333
ccef3a5fda3d54,0.96
3288b7402143b2,0.2857142857142857
384f40a2ceb5eb,0.41666666666666663
7e7bbcd7cd9810,1.0
55cfa22ba31764,0.2857142857142857
2f13bff4d4d1a9,0.576923076923077
a3f1106d02378f,0.42857142857142855
d235130bce523a,0.10714285714285714
f3d8835ad2c29d,0.6666666666666666
a23cbbf2b30f2c,0.576923076923077
8131a2e58806b0,0.0
1351d62b2a8aef,0.2708333333333333
4c10dc89a895a0,0.29166666666666663
9551cf85e458a6,0.8571428571428571
e4978e3299f083,0.6875
096d64de6e1bd6,0.0
39c797f9fdce8a,0.36
41383a57efe515,0.12244897959183673
4ea0c4dcc3c416,0.88
0dbf182636b334,0.22340425531914893
ee9cdaec2dbbbc,0.0
37baa4bc22baaa,0.4666666666666667
d9ef7124b69b34,0.7037037037037037
ceb9e1f137ef47,0.7142857142857142
eb90fe05858e04,0.5777777777777778
df906fcbf4f7ff,0.4408602150537635
7817404350db2c,0.3548387096774194
032f997ae67ae9,0.11702127659574468
fc9279932aca1e,0.7234042553191489
6cec520e4d054c,0.35555555555555557
d7fc3273d18205,0.5714285714285714
8173e4d84fceac,0.6071428571428571
db369a7048b15c,0.125
6354c1b83ef252,0.2857142857142857
fccd0d35317639,0.875
abd535c833c465,0.8
8bda8b8a8f30ef,0.875
bd132a4fb53302,0.56
249b4bb3ef4e00,0.16
5253ea369db492,0.9629629629629629
230f7ce447f683,0.1875
7757db412df188,1.0
56e78bcd20527a,0.2
11912e349823e6,0.41666666666666663
f0249408f7365e,0.5714285714285714
c0998ee6267f74,0.2708333333333333
31b721f9739f95,0.6326530612244897
5e5fd2b38e790f,0.6354166666666666
9b1648e6e405ae,0.8571428571428571
2fe14ccd00ceae,0.6
de852295966126,0.9285714285714285
1bba4ca0ca0622,0.8928571428571428
1eac5bb4c6ef7f,0.5851063829787234
65ac6f53c5348a,0.8571428571428571
44a683fc8c6013,0.7142857142857142
d833ebd2fca902,1.0
72312635d1526d,0.39784946236559143
fd5d8a1c5d0554,0.03571428571428571
53863378bd4b52,0.18518518518518517
997e11eac6b6ff,0.15555555555555556
1dd7ebca69a176,0.0425531914893617
3b589af4ec3917,0.9285714285714285
b36e914c8cc0d6,0.6770833333333333
68c6ea782805d9,0.5714285714285714
e735e4d1cee7ab,0.16
de667ac65de8d4,0.6041666666666666
9a58247266a3ae,0.5333333333333333
2259c56c83d2b3,0.0
320814d83ba9f6,0.7872340425531915
25f61fa5ef7c98,0.8064516129032259
fdad1389d2bf30,0.4375
f8c0288845fcf5,1.0
e5a24855ecac91,0.25
09abeb747bdd26,1.0
d991cee7ac8d55,0.47916666666666663
716f29efa89fa3,0.6071428571428571
ec377d9d76fd72,0.23076923076923078
de0a34ac1733cd,0.5625
45b4f6cc3cfe33,0.7857142857142857
fe1e5f6cdc829b,1.0
0b06a4fefb18d6,0.07407407407407407
b6a6c34ffec066,0.14285714285714285
c568b5a6809cd9,0.7553191489361702
3c116948d0da44,0.07692307692307693
250c780e9e346e,0.7551020408163265
2f82f156243bbc,0.4222222222222222
e37a19772e9927,0.7407407407407407
47c357cc46f6e6,0.5918367346938775
86a3c83ca6f3f8,0.7142857142857142
ad9386c19ae682,0.88
fa60bc7db4da12,0.3469387755102041
07b279067785c8,0.2040816326530612
5b3514306348f2,0.21428571428571427
27fcf7a35b686a,0.8
2cf1a0dc7dd11e,0.12
3c9817729b101e,0.46428571428571425
152835442bf8e0,0.6428571428571428
b8b6abade6a632,0.13829787234042554
2e8440ce6ee173,0.1020408163265306
5e315ed3ae713f,0.23404255319148937
973ab372d363f8,0.8979591836734693
5df01d183b287a,0.44680851063829785
2e9c96f947bbea,0.5185185185185185
9f5b44d609c2e6,0.6808510638297872
40866e51d2e22b,0.22222222222222224
d16764ff96b938,0.7446808510638298
929139c1f09ef6,0.6129032258064516
f21bd9b749837d,0.5333333333333333
7c5fc38b86216a,0.13978494623655915
db188d961ce57e,0.7659574468085106
656fc88ca1dda1,0.3214285714285714
71d2ef3c14cd2d,0.7142857142857142
7f3d327183c2c6,0.8829787234042553
52735e5bf3cde4,0.5555555555555556
cc5b35aab0cdac,0.7708333333333333
b092ce765e78ec,0.2
375bbe2d3a2f3b,0.84
a5abc6bedb7ba1,0.5208333333333333
131742743eec02,0.3061224489795918
081d0c31ddcac1,0.6122448979591836
b63ffbf0f3d1cf,0.010638297872340425
dfd5e161266641,0.22448979591836732
c6952af242ec33,0.8928571428571428
30c19d2cee45e1,0.2222222222222222
7af29c260758f9,0.7307692307692308
2b4ad97a376781,0.3958333333333333
4fc6cf7fe1e51c,0.5416666666666666
737d6286b5f699,0.39285714285714285
f286f33a198179,0.72
82da70da612c7a,0.8214285714285714
776af8535220a8,0.5185185185185185
782d9365cfd0ad,0.6666666666666666
0662f94308d607,0.9148936170212766
85963fa78faa17,0.4444444444444445
3e5eb2e4d5f115,0.4074074074074074
25cd7f9f160cda,0.5531914893617021
d5175d1635bb3c,0.5729166666666666
3f9002d2319ab5,0.5957446808510638
4b9831f67da3e8,0.2692307692307693
e39702f4c52d93,0.21428571428571427
f6640fd61df2b3,0.52
35100979a2c359,0.7777777777777777
60a3fadabad60a,0.20833333333333331
b11c9212054d0b,0.425531914893617
5fcdbcb0828b81,0.84375
a376c5119fd423,0.7346938775510203
484fcbf23d6a1e,0.12903225806451613
f6cc5c75243b9c,0.7142857142857142
2b3cb63e1ac2cb,0.3469387755102041
2a4ca1cb2d1639,0.07142857142857142
887a32007c5663,0.8518518518518519
b2effe9bb974fa,0.5306122448979591
5aeaf70af1f829,0.8333333333333333
5c5d93ec247167,0.2692307692307693
b702dea2094e8c,0.1020408163265306
b67fd3b46ba420,0.5714285714285714
16e4a344a5fb3a,0.6808510638297872
1bad680d7d6407,0.2553191489361702
3c5dff6422e048,0.36170212765957444
439775afe28b79,0.17857142857142855
88e76c3a42eae8,0.4
7339f491e8f7dc,0.44680851063829785
01a71227b1b4cc,0.0
cda8458a1397fe,0.1875
2e6782374b70eb,0.34615384615384615
cbb6d8a0d2c535,0.06382978723404255
04d1e1ecb77016,0.03571428571428571
b2b877676425c9,0.6344086021505377
7946bcc069e914,0.020833333333333332
d1d8ca58ad159c,0.2765957446808511
410c7999456aed,0.42857142857142855
9032cbfef9b772,0.860215053763441
3b5b1052c48596,0.04
0dc9bddffc96d3,0.5384615384615385
07ee46b9af5987,0.6666666666666667
ee762f99e48ba2,0.2
0c88dddbde027b,0.6989247311827957
edd68c79a47b7e,0.26666666666666666
29477a413044b8,0.4693877551020408
23ee8196a6a1fa,0.36
d49e0d10fd096a,0.6041666666666666
a322a3bef26086,0.8958333333333333
c6865840a7d328,0.2127659574468085
35e53c9dca4576,0.6153846153846154
56225877c6d7d3,0.9333333333333333
66c48f6047795b,0.8829787234042553
7ea2bf2ba54c81,0.6
f50cd4d99e4066,0.6
3b7e88c47bff76,0.9375
369a6df9f492da,0.4
44114cd29b26fc,0.9787234042553191
